image_name,split,image_folder,image_location
7117_Chaetodon_vagabundus_3_f000020.jpg,test,../../data/Deepfish/surrounding_images/7117/valid/,../../data/Deepfish/surrounding_images/7117/valid/7117_Chaetodon_vagabundus_3_f000020.jpg
7117_Chaetodon_vagabundus_3_f000030.jpg,test,../../data/Deepfish/surrounding_images/7117/valid/,../../data/Deepfish/surrounding_images/7117/valid/7117_Chaetodon_vagabundus_3_f000030.jpg
7117_Chaetodon_vagabundus_3_f000040.jpg,test,../../data/Deepfish/surrounding_images/7117/valid/,../../data/Deepfish/surrounding_images/7117/valid/7117_Chaetodon_vagabundus_3_f000040.jpg
7117_Chaetodon_vagabundus_3_f000060.jpg,test,../../data/Deepfish/surrounding_images/7117/valid/,../../data/Deepfish/surrounding_images/7117/valid/7117_Chaetodon_vagabundus_3_f000060.jpg
7117_Chaetodon_vagabundus_3_f000070.jpg,test,../../data/Deepfish/surrounding_images/7117/valid/,../../data/Deepfish/surrounding_images/7117/valid/7117_Chaetodon_vagabundus_3_f000070.jpg
7398_F1_f000160.jpg,test,../../data/Deepfish/surrounding_images/7398/valid/,../../data/Deepfish/surrounding_images/7398/valid/7398_F1_f000160.jpg
7426_NF2_f000060.jpg,test,../../data/Deepfish/surrounding_images/7426/empty/,../../data/Deepfish/surrounding_images/7426/empty/7426_NF2_f000060.jpg
7426_NF2_f000070.jpg,test,../../data/Deepfish/surrounding_images/7426/empty/,../../data/Deepfish/surrounding_images/7426/empty/7426_NF2_f000070.jpg
7426_NF2_f000080.jpg,test,../../data/Deepfish/surrounding_images/7426/empty/,../../data/Deepfish/surrounding_images/7426/empty/7426_NF2_f000080.jpg
7426_NF2_f000090.jpg,test,../../data/Deepfish/surrounding_images/7426/empty/,../../data/Deepfish/surrounding_images/7426/empty/7426_NF2_f000090.jpg
7426_NF2_f000100.jpg,test,../../data/Deepfish/surrounding_images/7426/empty/,../../data/Deepfish/surrounding_images/7426/empty/7426_NF2_f000100.jpg
7426_NF2_f000110.jpg,test,../../data/Deepfish/surrounding_images/7426/empty/,../../data/Deepfish/surrounding_images/7426/empty/7426_NF2_f000110.jpg
7426_NF2_f000120.jpg,test,../../data/Deepfish/surrounding_images/7426/empty/,../../data/Deepfish/surrounding_images/7426/empty/7426_NF2_f000120.jpg
7426_NF2_f000130.jpg,test,../../data/Deepfish/surrounding_images/7426/empty/,../../data/Deepfish/surrounding_images/7426/empty/7426_NF2_f000130.jpg
7434_NF3_f000150.jpg,test,../../data/Deepfish/surrounding_images/7434/empty/,../../data/Deepfish/surrounding_images/7434/empty/7434_NF3_f000150.jpg
7434_NF3_f000160.jpg,test,../../data/Deepfish/surrounding_images/7434/empty/,../../data/Deepfish/surrounding_images/7434/empty/7434_NF3_f000160.jpg
7434_NF3_f000170.jpg,test,../../data/Deepfish/surrounding_images/7434/empty/,../../data/Deepfish/surrounding_images/7434/empty/7434_NF3_f000170.jpg
7434_NF3_f000180.jpg,test,../../data/Deepfish/surrounding_images/7434/empty/,../../data/Deepfish/surrounding_images/7434/empty/7434_NF3_f000180.jpg
7434_NF3_f000190.jpg,test,../../data/Deepfish/surrounding_images/7434/empty/,../../data/Deepfish/surrounding_images/7434/empty/7434_NF3_f000190.jpg
7434_NF3_f000200.jpg,test,../../data/Deepfish/surrounding_images/7434/empty/,../../data/Deepfish/surrounding_images/7434/empty/7434_NF3_f000200.jpg
7434_NF3_f000210.jpg,test,../../data/Deepfish/surrounding_images/7434/empty/,../../data/Deepfish/surrounding_images/7434/empty/7434_NF3_f000210.jpg
7434_NF3_f000220.jpg,test,../../data/Deepfish/surrounding_images/7434/empty/,../../data/Deepfish/surrounding_images/7434/empty/7434_NF3_f000220.jpg
7463_NF1_f000010.jpg,test,../../data/Deepfish/surrounding_images/7463/empty/,../../data/Deepfish/surrounding_images/7463/empty/7463_NF1_f000010.jpg
7463_NF1_f000020.jpg,test,../../data/Deepfish/surrounding_images/7463/empty/,../../data/Deepfish/surrounding_images/7463/empty/7463_NF1_f000020.jpg
7463_NF1_f000030.jpg,test,../../data/Deepfish/surrounding_images/7463/empty/,../../data/Deepfish/surrounding_images/7463/empty/7463_NF1_f000030.jpg
7463_NF1_f000040.jpg,test,../../data/Deepfish/surrounding_images/7463/empty/,../../data/Deepfish/surrounding_images/7463/empty/7463_NF1_f000040.jpg
7463_NF1_f000050.jpg,test,../../data/Deepfish/surrounding_images/7463/empty/,../../data/Deepfish/surrounding_images/7463/empty/7463_NF1_f000050.jpg
7463_NF1_f000060.jpg,test,../../data/Deepfish/surrounding_images/7463/empty/,../../data/Deepfish/surrounding_images/7463/empty/7463_NF1_f000060.jpg
7463_NF1_f000070.jpg,test,../../data/Deepfish/surrounding_images/7463/empty/,../../data/Deepfish/surrounding_images/7463/empty/7463_NF1_f000070.jpg
7463_NF1_f000080.jpg,test,../../data/Deepfish/surrounding_images/7463/empty/,../../data/Deepfish/surrounding_images/7463/empty/7463_NF1_f000080.jpg
7482_F3_f000000.jpg,test,../../data/Deepfish/surrounding_images/7482/valid/,../../data/Deepfish/surrounding_images/7482/valid/7482_F3_f000000.jpg
7482_F3_f000010.jpg,test,../../data/Deepfish/surrounding_images/7482/valid/,../../data/Deepfish/surrounding_images/7482/valid/7482_F3_f000010.jpg
7482_F3_f000020.jpg,test,../../data/Deepfish/surrounding_images/7482/valid/,../../data/Deepfish/surrounding_images/7482/valid/7482_F3_f000020.jpg
7482_F3_f000050.jpg,test,../../data/Deepfish/surrounding_images/7482/valid/,../../data/Deepfish/surrounding_images/7482/valid/7482_F3_f000050.jpg
7482_F3_f000060.jpg,test,../../data/Deepfish/surrounding_images/7482/valid/,../../data/Deepfish/surrounding_images/7482/valid/7482_F3_f000060.jpg
7482_F3_f000070.jpg,test,../../data/Deepfish/surrounding_images/7482/valid/,../../data/Deepfish/surrounding_images/7482/valid/7482_F3_f000070.jpg
7482_F3_f000080.jpg,test,../../data/Deepfish/surrounding_images/7482/valid/,../../data/Deepfish/surrounding_images/7482/valid/7482_F3_f000080.jpg
7482_F3_f000090.jpg,test,../../data/Deepfish/surrounding_images/7482/valid/,../../data/Deepfish/surrounding_images/7482/valid/7482_F3_f000090.jpg
7482_F3_f000100.jpg,test,../../data/Deepfish/surrounding_images/7482/valid/,../../data/Deepfish/surrounding_images/7482/valid/7482_F3_f000100.jpg
7482_F3_f000110.jpg,test,../../data/Deepfish/surrounding_images/7482/valid/,../../data/Deepfish/surrounding_images/7482/valid/7482_F3_f000110.jpg
7482_F3_f000120.jpg,test,../../data/Deepfish/surrounding_images/7482/valid/,../../data/Deepfish/surrounding_images/7482/valid/7482_F3_f000120.jpg
7490_NF2_f000070.jpg,test,../../data/Deepfish/surrounding_images/7490/empty/,../../data/Deepfish/surrounding_images/7490/empty/7490_NF2_f000070.jpg
7490_NF3_f000000.jpg,test,../../data/Deepfish/surrounding_images/7490/empty/,../../data/Deepfish/surrounding_images/7490/empty/7490_NF3_f000000.jpg
7490_NF3_f000010.jpg,test,../../data/Deepfish/surrounding_images/7490/empty/,../../data/Deepfish/surrounding_images/7490/empty/7490_NF3_f000010.jpg
7490_NF3_f000020.jpg,test,../../data/Deepfish/surrounding_images/7490/empty/,../../data/Deepfish/surrounding_images/7490/empty/7490_NF3_f000020.jpg
7490_NF3_f000030.jpg,test,../../data/Deepfish/surrounding_images/7490/empty/,../../data/Deepfish/surrounding_images/7490/empty/7490_NF3_f000030.jpg
7490_NF3_f000040.jpg,test,../../data/Deepfish/surrounding_images/7490/empty/,../../data/Deepfish/surrounding_images/7490/empty/7490_NF3_f000040.jpg
7490_NF3_f000060.jpg,test,../../data/Deepfish/surrounding_images/7490/empty/,../../data/Deepfish/surrounding_images/7490/empty/7490_NF3_f000060.jpg
7585_F3_f000000.jpg,test,../../data/Deepfish/surrounding_images/7585/valid/,../../data/Deepfish/surrounding_images/7585/valid/7585_F3_f000000.jpg
7585_F3_f000010.jpg,test,../../data/Deepfish/surrounding_images/7585/valid/,../../data/Deepfish/surrounding_images/7585/valid/7585_F3_f000010.jpg
7585_F3_f000020.jpg,test,../../data/Deepfish/surrounding_images/7585/valid/,../../data/Deepfish/surrounding_images/7585/valid/7585_F3_f000020.jpg
7585_F3_f000030.jpg,test,../../data/Deepfish/surrounding_images/7585/valid/,../../data/Deepfish/surrounding_images/7585/valid/7585_F3_f000030.jpg
7585_F3_f000040.jpg,test,../../data/Deepfish/surrounding_images/7585/valid/,../../data/Deepfish/surrounding_images/7585/valid/7585_F3_f000040.jpg
7585_F3_f000050.jpg,test,../../data/Deepfish/surrounding_images/7585/valid/,../../data/Deepfish/surrounding_images/7585/valid/7585_F3_f000050.jpg
9892_Caranx_f000000.jpg,test,../../data/Deepfish/surrounding_images/9892/valid/,../../data/Deepfish/surrounding_images/9892/valid/9892_Caranx_f000000.jpg
9892_Caranx_f000010.jpg,test,../../data/Deepfish/surrounding_images/9892/valid/,../../data/Deepfish/surrounding_images/9892/valid/9892_Caranx_f000010.jpg
9892_Caranx_f000030.jpg,test,../../data/Deepfish/surrounding_images/9892/valid/,../../data/Deepfish/surrounding_images/9892/valid/9892_Caranx_f000030.jpg
9892_Caranx_f000040.jpg,test,../../data/Deepfish/surrounding_images/9892/valid/,../../data/Deepfish/surrounding_images/9892/valid/9892_Caranx_f000040.jpg
9908_Epinephelus_f000010.jpg,test,../../data/Deepfish/surrounding_images/9908/valid/,../../data/Deepfish/surrounding_images/9908/valid/9908_Epinephelus_f000010.jpg
9908_Epinephelus_f000020.jpg,test,../../data/Deepfish/surrounding_images/9908/valid/,../../data/Deepfish/surrounding_images/9908/valid/9908_Epinephelus_f000020.jpg
9908_Epinephelus_f000030.jpg,test,../../data/Deepfish/surrounding_images/9908/valid/,../../data/Deepfish/surrounding_images/9908/valid/9908_Epinephelus_f000030.jpg
9908_Epinephelus_f000040.jpg,test,../../data/Deepfish/surrounding_images/9908/valid/,../../data/Deepfish/surrounding_images/9908/valid/9908_Epinephelus_f000040.jpg
9908_Epinephelus_f000050.jpg,test,../../data/Deepfish/surrounding_images/9908/valid/,../../data/Deepfish/surrounding_images/9908/valid/9908_Epinephelus_f000050.jpg
9908_Epinephelus_f000120.jpg,test,../../data/Deepfish/surrounding_images/9908/valid/,../../data/Deepfish/surrounding_images/9908/valid/9908_Epinephelus_f000120.jpg
7117_Lutjanus_argentimaculatus_adult_2_f000000.jpg,train,../../data/Deepfish/surrounding_images/7117/valid/,../../data/Deepfish/surrounding_images/7117/valid/7117_Lutjanus_argentimaculatus_adult_2_f000000.jpg
7117_Lutjanus_argentimaculatus_adult_2_f000030.jpg,train,../../data/Deepfish/surrounding_images/7117/valid/,../../data/Deepfish/surrounding_images/7117/valid/7117_Lutjanus_argentimaculatus_adult_2_f000030.jpg
7117_Lutjanus_argentimaculatus_adult_2_f000040.jpg,train,../../data/Deepfish/surrounding_images/7117/valid/,../../data/Deepfish/surrounding_images/7117/valid/7117_Lutjanus_argentimaculatus_adult_2_f000040.jpg
7117_Lutjanus_argentimaculatus_adult_2_f000050.jpg,train,../../data/Deepfish/surrounding_images/7117/valid/,../../data/Deepfish/surrounding_images/7117/valid/7117_Lutjanus_argentimaculatus_adult_2_f000050.jpg
7117_Lutjanus_argentimaculatus_adult_2_f000060.jpg,train,../../data/Deepfish/surrounding_images/7117/valid/,../../data/Deepfish/surrounding_images/7117/valid/7117_Lutjanus_argentimaculatus_adult_2_f000060.jpg
7117_Lutjanus_argentimaculatus_adult_2_f000070.jpg,train,../../data/Deepfish/surrounding_images/7117/valid/,../../data/Deepfish/surrounding_images/7117/valid/7117_Lutjanus_argentimaculatus_adult_2_f000070.jpg
7117_Lutjanus_argentimaculatus_adult_2_f000080.jpg,train,../../data/Deepfish/surrounding_images/7117/valid/,../../data/Deepfish/surrounding_images/7117/valid/7117_Lutjanus_argentimaculatus_adult_2_f000080.jpg
7117_Lutjanus_argentimaculatus_adult_2_f000090.jpg,train,../../data/Deepfish/surrounding_images/7117/valid/,../../data/Deepfish/surrounding_images/7117/valid/7117_Lutjanus_argentimaculatus_adult_2_f000090.jpg
7117_Lutjanus_argentimaculatus_adult_2_f000100.jpg,train,../../data/Deepfish/surrounding_images/7117/valid/,../../data/Deepfish/surrounding_images/7117/valid/7117_Lutjanus_argentimaculatus_adult_2_f000100.jpg
7117_no_fish_2_f000000.jpg,train,../../data/Deepfish/surrounding_images/7117/empty/,../../data/Deepfish/surrounding_images/7117/empty/7117_no_fish_2_f000000.jpg
7117_no_fish_2_f000010.jpg,train,../../data/Deepfish/surrounding_images/7117/empty/,../../data/Deepfish/surrounding_images/7117/empty/7117_no_fish_2_f000010.jpg
7117_no_fish_2_f000020.jpg,train,../../data/Deepfish/surrounding_images/7117/empty/,../../data/Deepfish/surrounding_images/7117/empty/7117_no_fish_2_f000020.jpg
7117_no_fish_2_f000030.jpg,train,../../data/Deepfish/surrounding_images/7117/empty/,../../data/Deepfish/surrounding_images/7117/empty/7117_no_fish_2_f000030.jpg
7117_no_fish_2_f000040.jpg,train,../../data/Deepfish/surrounding_images/7117/empty/,../../data/Deepfish/surrounding_images/7117/empty/7117_no_fish_2_f000040.jpg
7117_no_fish_2_f000050.jpg,train,../../data/Deepfish/surrounding_images/7117/empty/,../../data/Deepfish/surrounding_images/7117/empty/7117_no_fish_2_f000050.jpg
7117_no_fish_2_f000060.jpg,train,../../data/Deepfish/surrounding_images/7117/empty/,../../data/Deepfish/surrounding_images/7117/empty/7117_no_fish_2_f000060.jpg
7117_no_fish_2_f000070.jpg,train,../../data/Deepfish/surrounding_images/7117/empty/,../../data/Deepfish/surrounding_images/7117/empty/7117_no_fish_2_f000070.jpg
7117_no_fish_2_f000080.jpg,train,../../data/Deepfish/surrounding_images/7117/empty/,../../data/Deepfish/surrounding_images/7117/empty/7117_no_fish_2_f000080.jpg
7393_NF2_f000000.jpg,train,../../data/Deepfish/surrounding_images/7393/empty/,../../data/Deepfish/surrounding_images/7393/empty/7393_NF2_f000000.jpg
7393_NF2_f000010.jpg,train,../../data/Deepfish/surrounding_images/7393/empty/,../../data/Deepfish/surrounding_images/7393/empty/7393_NF2_f000010.jpg
7585_NF2_f000190.jpg,train,../../data/Deepfish/surrounding_images/7585/empty/,../../data/Deepfish/surrounding_images/7585/empty/7585_NF2_f000190.jpg
7393_NF2_f000020.jpg,train,../../data/Deepfish/surrounding_images/7393/empty/,../../data/Deepfish/surrounding_images/7393/empty/7393_NF2_f000020.jpg
7393_NF2_f000030.jpg,train,../../data/Deepfish/surrounding_images/7393/empty/,../../data/Deepfish/surrounding_images/7393/empty/7393_NF2_f000030.jpg
7393_NF2_f000040.jpg,train,../../data/Deepfish/surrounding_images/7393/empty/,../../data/Deepfish/surrounding_images/7393/empty/7393_NF2_f000040.jpg
7393_NF2_f000050.jpg,train,../../data/Deepfish/surrounding_images/7393/empty/,../../data/Deepfish/surrounding_images/7393/empty/7393_NF2_f000050.jpg
7393_NF2_f000060.jpg,train,../../data/Deepfish/surrounding_images/7393/empty/,../../data/Deepfish/surrounding_images/7393/empty/7393_NF2_f000060.jpg
7393_NF2_f000070.jpg,train,../../data/Deepfish/surrounding_images/7393/empty/,../../data/Deepfish/surrounding_images/7393/empty/7393_NF2_f000070.jpg
7393_NF2_f000080.jpg,train,../../data/Deepfish/surrounding_images/7393/empty/,../../data/Deepfish/surrounding_images/7393/empty/7393_NF2_f000080.jpg
7393_NF2_f000090.jpg,train,../../data/Deepfish/surrounding_images/7393/empty/,../../data/Deepfish/surrounding_images/7393/empty/7393_NF2_f000090.jpg
7393_NF2_f000100.jpg,train,../../data/Deepfish/surrounding_images/7393/empty/,../../data/Deepfish/surrounding_images/7393/empty/7393_NF2_f000100.jpg
7393_NF2_f000110.jpg,train,../../data/Deepfish/surrounding_images/7393/empty/,../../data/Deepfish/surrounding_images/7393/empty/7393_NF2_f000110.jpg
7393_NF2_f000120.jpg,train,../../data/Deepfish/surrounding_images/7393/empty/,../../data/Deepfish/surrounding_images/7393/empty/7393_NF2_f000120.jpg
7393_NF2_f000130.jpg,train,../../data/Deepfish/surrounding_images/7393/empty/,../../data/Deepfish/surrounding_images/7393/empty/7393_NF2_f000130.jpg
7393_NF2_f000140.jpg,train,../../data/Deepfish/surrounding_images/7393/empty/,../../data/Deepfish/surrounding_images/7393/empty/7393_NF2_f000140.jpg
7393_NF2_f000150.jpg,train,../../data/Deepfish/surrounding_images/7393/empty/,../../data/Deepfish/surrounding_images/7393/empty/7393_NF2_f000150.jpg
7393_NF2_f000160.jpg,train,../../data/Deepfish/surrounding_images/7393/empty/,../../data/Deepfish/surrounding_images/7393/empty/7393_NF2_f000160.jpg
7393_NF2_f000170.jpg,train,../../data/Deepfish/surrounding_images/7393/empty/,../../data/Deepfish/surrounding_images/7393/empty/7393_NF2_f000170.jpg
7393_NF2_f000180.jpg,train,../../data/Deepfish/surrounding_images/7393/empty/,../../data/Deepfish/surrounding_images/7393/empty/7393_NF2_f000180.jpg
7393_NF2_f001330.jpg,train,../../data/Deepfish/surrounding_images/7393/empty/,../../data/Deepfish/surrounding_images/7393/empty/7393_NF2_f001330.jpg
7393_NF2_f001340.jpg,train,../../data/Deepfish/surrounding_images/7393/empty/,../../data/Deepfish/surrounding_images/7393/empty/7393_NF2_f001340.jpg
7398_F6_f000010.jpg,train,../../data/Deepfish/surrounding_images/7398/valid/,../../data/Deepfish/surrounding_images/7398/valid/7398_F6_f000010.jpg
7398_F6_f000020.jpg,train,../../data/Deepfish/surrounding_images/7398/valid/,../../data/Deepfish/surrounding_images/7398/valid/7398_F6_f000020.jpg
7398_F6_f000030.jpg,train,../../data/Deepfish/surrounding_images/7398/valid/,../../data/Deepfish/surrounding_images/7398/valid/7398_F6_f000030.jpg
7398_F6_f000040.jpg,train,../../data/Deepfish/surrounding_images/7398/valid/,../../data/Deepfish/surrounding_images/7398/valid/7398_F6_f000040.jpg
7398_F6_f000050.jpg,train,../../data/Deepfish/surrounding_images/7398/valid/,../../data/Deepfish/surrounding_images/7398/valid/7398_F6_f000050.jpg
7398_F6_f000060.jpg,train,../../data/Deepfish/surrounding_images/7398/valid/,../../data/Deepfish/surrounding_images/7398/valid/7398_F6_f000060.jpg
7398_F6_f000070.jpg,train,../../data/Deepfish/surrounding_images/7398/valid/,../../data/Deepfish/surrounding_images/7398/valid/7398_F6_f000070.jpg
7398_F6_f000080.jpg,train,../../data/Deepfish/surrounding_images/7398/valid/,../../data/Deepfish/surrounding_images/7398/valid/7398_F6_f000080.jpg
7398_F6_f000090.jpg,train,../../data/Deepfish/surrounding_images/7398/valid/,../../data/Deepfish/surrounding_images/7398/valid/7398_F6_f000090.jpg
7398_F6_f000100.jpg,train,../../data/Deepfish/surrounding_images/7398/valid/,../../data/Deepfish/surrounding_images/7398/valid/7398_F6_f000100.jpg
7398_F6_f000110.jpg,train,../../data/Deepfish/surrounding_images/7398/valid/,../../data/Deepfish/surrounding_images/7398/valid/7398_F6_f000110.jpg
7398_F6_f000120.jpg,train,../../data/Deepfish/surrounding_images/7398/valid/,../../data/Deepfish/surrounding_images/7398/valid/7398_F6_f000120.jpg
7398_F6_f000130.jpg,train,../../data/Deepfish/surrounding_images/7398/valid/,../../data/Deepfish/surrounding_images/7398/valid/7398_F6_f000130.jpg
7398_F6_f000140.jpg,train,../../data/Deepfish/surrounding_images/7398/valid/,../../data/Deepfish/surrounding_images/7398/valid/7398_F6_f000140.jpg
7398_F6_f000150.jpg,train,../../data/Deepfish/surrounding_images/7398/valid/,../../data/Deepfish/surrounding_images/7398/valid/7398_F6_f000150.jpg
7398_F6_f000160.jpg,train,../../data/Deepfish/surrounding_images/7398/valid/,../../data/Deepfish/surrounding_images/7398/valid/7398_F6_f000160.jpg
7398_F6_f000170.jpg,train,../../data/Deepfish/surrounding_images/7398/valid/,../../data/Deepfish/surrounding_images/7398/valid/7398_F6_f000170.jpg
7398_F6_f000180.jpg,train,../../data/Deepfish/surrounding_images/7398/valid/,../../data/Deepfish/surrounding_images/7398/valid/7398_F6_f000180.jpg
7398_F6_f000190.jpg,train,../../data/Deepfish/surrounding_images/7398/valid/,../../data/Deepfish/surrounding_images/7398/valid/7398_F6_f000190.jpg
7398_F6_f000200.jpg,train,../../data/Deepfish/surrounding_images/7398/valid/,../../data/Deepfish/surrounding_images/7398/valid/7398_F6_f000200.jpg
7398_NF2_f000050.jpg,train,../../data/Deepfish/surrounding_images/7398/empty/,../../data/Deepfish/surrounding_images/7398/empty/7398_NF2_f000050.jpg
7398_NF2_f000060.jpg,train,../../data/Deepfish/surrounding_images/7398/empty/,../../data/Deepfish/surrounding_images/7398/empty/7398_NF2_f000060.jpg
7398_NF2_f000070.jpg,train,../../data/Deepfish/surrounding_images/7398/empty/,../../data/Deepfish/surrounding_images/7398/empty/7398_NF2_f000070.jpg
7398_NF2_f000080.jpg,train,../../data/Deepfish/surrounding_images/7398/empty/,../../data/Deepfish/surrounding_images/7398/empty/7398_NF2_f000080.jpg
7398_NF2_f000090.jpg,train,../../data/Deepfish/surrounding_images/7398/empty/,../../data/Deepfish/surrounding_images/7398/empty/7398_NF2_f000090.jpg
7398_NF2_f000100.jpg,train,../../data/Deepfish/surrounding_images/7398/empty/,../../data/Deepfish/surrounding_images/7398/empty/7398_NF2_f000100.jpg
7398_NF2_f000110.jpg,train,../../data/Deepfish/surrounding_images/7398/empty/,../../data/Deepfish/surrounding_images/7398/empty/7398_NF2_f000110.jpg
7398_NF2_f000120.jpg,train,../../data/Deepfish/surrounding_images/7398/empty/,../../data/Deepfish/surrounding_images/7398/empty/7398_NF2_f000120.jpg
7398_NF2_f000130.jpg,train,../../data/Deepfish/surrounding_images/7398/empty/,../../data/Deepfish/surrounding_images/7398/empty/7398_NF2_f000130.jpg
7398_NF2_f000140.jpg,train,../../data/Deepfish/surrounding_images/7398/empty/,../../data/Deepfish/surrounding_images/7398/empty/7398_NF2_f000140.jpg
7398_NF2_f000150.jpg,train,../../data/Deepfish/surrounding_images/7398/empty/,../../data/Deepfish/surrounding_images/7398/empty/7398_NF2_f000150.jpg
7398_NF2_f000160.jpg,train,../../data/Deepfish/surrounding_images/7398/empty/,../../data/Deepfish/surrounding_images/7398/empty/7398_NF2_f000160.jpg
7398_NF2_f000170.jpg,train,../../data/Deepfish/surrounding_images/7398/empty/,../../data/Deepfish/surrounding_images/7398/empty/7398_NF2_f000170.jpg
7398_NF2_f000180.jpg,train,../../data/Deepfish/surrounding_images/7398/empty/,../../data/Deepfish/surrounding_images/7398/empty/7398_NF2_f000180.jpg
7398_NF3_f000040.jpg,train,../../data/Deepfish/surrounding_images/7398/empty/,../../data/Deepfish/surrounding_images/7398/empty/7398_NF3_f000040.jpg
7398_NF3_f000050.jpg,train,../../data/Deepfish/surrounding_images/7398/empty/,../../data/Deepfish/surrounding_images/7398/empty/7398_NF3_f000050.jpg
7482_F2_f000040.jpg,train,../../data/Deepfish/surrounding_images/7482/valid/,../../data/Deepfish/surrounding_images/7482/valid/7482_F2_f000040.jpg
7482_F2_f000050.jpg,train,../../data/Deepfish/surrounding_images/7482/valid/,../../data/Deepfish/surrounding_images/7482/valid/7482_F2_f000050.jpg
7482_F2_f000060.jpg,train,../../data/Deepfish/surrounding_images/7482/valid/,../../data/Deepfish/surrounding_images/7482/valid/7482_F2_f000060.jpg
7482_F2_f000080.jpg,train,../../data/Deepfish/surrounding_images/7482/valid/,../../data/Deepfish/surrounding_images/7482/valid/7482_F2_f000080.jpg
7482_F2_f000090.jpg,train,../../data/Deepfish/surrounding_images/7482/valid/,../../data/Deepfish/surrounding_images/7482/valid/7482_F2_f000090.jpg
7482_F2_f000100.jpg,train,../../data/Deepfish/surrounding_images/7482/valid/,../../data/Deepfish/surrounding_images/7482/valid/7482_F2_f000100.jpg
7482_F2_f000110.jpg,train,../../data/Deepfish/surrounding_images/7482/valid/,../../data/Deepfish/surrounding_images/7482/valid/7482_F2_f000110.jpg
7482_F2_f000120.jpg,train,../../data/Deepfish/surrounding_images/7482/valid/,../../data/Deepfish/surrounding_images/7482/valid/7482_F2_f000120.jpg
7482_F2_f000130.jpg,train,../../data/Deepfish/surrounding_images/7482/valid/,../../data/Deepfish/surrounding_images/7482/valid/7482_F2_f000130.jpg
7482_F2_f000140.jpg,train,../../data/Deepfish/surrounding_images/7482/valid/,../../data/Deepfish/surrounding_images/7482/valid/7482_F2_f000140.jpg
7482_F2_f000150.jpg,train,../../data/Deepfish/surrounding_images/7482/valid/,../../data/Deepfish/surrounding_images/7482/valid/7482_F2_f000150.jpg
7482_F2_f000160.jpg,train,../../data/Deepfish/surrounding_images/7482/valid/,../../data/Deepfish/surrounding_images/7482/valid/7482_F2_f000160.jpg
7482_F2_f000170.jpg,train,../../data/Deepfish/surrounding_images/7482/valid/,../../data/Deepfish/surrounding_images/7482/valid/7482_F2_f000170.jpg
7482_F2_f000180.jpg,train,../../data/Deepfish/surrounding_images/7482/valid/,../../data/Deepfish/surrounding_images/7482/valid/7482_F2_f000180.jpg
7482_F2_f000190.jpg,train,../../data/Deepfish/surrounding_images/7482/valid/,../../data/Deepfish/surrounding_images/7482/valid/7482_F2_f000190.jpg
7482_F2_f000200.jpg,train,../../data/Deepfish/surrounding_images/7482/valid/,../../data/Deepfish/surrounding_images/7482/valid/7482_F2_f000200.jpg
7482_F2_f000210.jpg,train,../../data/Deepfish/surrounding_images/7482/valid/,../../data/Deepfish/surrounding_images/7482/valid/7482_F2_f000210.jpg
7482_F2_f000220.jpg,train,../../data/Deepfish/surrounding_images/7482/valid/,../../data/Deepfish/surrounding_images/7482/valid/7482_F2_f000220.jpg
7482_F2_f000230.jpg,train,../../data/Deepfish/surrounding_images/7482/valid/,../../data/Deepfish/surrounding_images/7482/valid/7482_F2_f000230.jpg
7482_F2_f000280.jpg,train,../../data/Deepfish/surrounding_images/7482/valid/,../../data/Deepfish/surrounding_images/7482/valid/7482_F2_f000280.jpg
7482_F2_f000290.jpg,train,../../data/Deepfish/surrounding_images/7482/valid/,../../data/Deepfish/surrounding_images/7482/valid/7482_F2_f000290.jpg
7482_F2_f000300.jpg,train,../../data/Deepfish/surrounding_images/7482/valid/,../../data/Deepfish/surrounding_images/7482/valid/7482_F2_f000300.jpg
7482_F2_f000310.jpg,train,../../data/Deepfish/surrounding_images/7482/valid/,../../data/Deepfish/surrounding_images/7482/valid/7482_F2_f000310.jpg
7482_F2_f000320.jpg,train,../../data/Deepfish/surrounding_images/7482/valid/,../../data/Deepfish/surrounding_images/7482/valid/7482_F2_f000320.jpg
7482_F2_f000330.jpg,train,../../data/Deepfish/surrounding_images/7482/valid/,../../data/Deepfish/surrounding_images/7482/valid/7482_F2_f000330.jpg
7482_F2_f000340.jpg,train,../../data/Deepfish/surrounding_images/7482/valid/,../../data/Deepfish/surrounding_images/7482/valid/7482_F2_f000340.jpg
7482_F2_f000410.jpg,train,../../data/Deepfish/surrounding_images/7482/valid/,../../data/Deepfish/surrounding_images/7482/valid/7482_F2_f000410.jpg
7482_F2_f000420.jpg,train,../../data/Deepfish/surrounding_images/7482/valid/,../../data/Deepfish/surrounding_images/7482/valid/7482_F2_f000420.jpg
7482_F2_f000430.jpg,train,../../data/Deepfish/surrounding_images/7482/valid/,../../data/Deepfish/surrounding_images/7482/valid/7482_F2_f000430.jpg
7482_F2_f000440.jpg,train,../../data/Deepfish/surrounding_images/7482/valid/,../../data/Deepfish/surrounding_images/7482/valid/7482_F2_f000440.jpg
7482_F2_f000510.jpg,train,../../data/Deepfish/surrounding_images/7482/valid/,../../data/Deepfish/surrounding_images/7482/valid/7482_F2_f000510.jpg
7482_F2_f000520.jpg,train,../../data/Deepfish/surrounding_images/7482/valid/,../../data/Deepfish/surrounding_images/7482/valid/7482_F2_f000520.jpg
7482_F2_f000530.jpg,train,../../data/Deepfish/surrounding_images/7482/valid/,../../data/Deepfish/surrounding_images/7482/valid/7482_F2_f000530.jpg
7482_F2_f000540.jpg,train,../../data/Deepfish/surrounding_images/7482/valid/,../../data/Deepfish/surrounding_images/7482/valid/7482_F2_f000540.jpg
7482_F2_f000550.jpg,train,../../data/Deepfish/surrounding_images/7482/valid/,../../data/Deepfish/surrounding_images/7482/valid/7482_F2_f000550.jpg
7482_F2_f000560.jpg,train,../../data/Deepfish/surrounding_images/7482/valid/,../../data/Deepfish/surrounding_images/7482/valid/7482_F2_f000560.jpg
7482_F2_f000570.jpg,train,../../data/Deepfish/surrounding_images/7482/valid/,../../data/Deepfish/surrounding_images/7482/valid/7482_F2_f000570.jpg
7482_F2_f000580.jpg,train,../../data/Deepfish/surrounding_images/7482/valid/,../../data/Deepfish/surrounding_images/7482/valid/7482_F2_f000580.jpg
7482_F2_f000590.jpg,train,../../data/Deepfish/surrounding_images/7482/valid/,../../data/Deepfish/surrounding_images/7482/valid/7482_F2_f000590.jpg
7482_F2_f000640.jpg,train,../../data/Deepfish/surrounding_images/7482/valid/,../../data/Deepfish/surrounding_images/7482/valid/7482_F2_f000640.jpg
7482_F2_f000670.jpg,train,../../data/Deepfish/surrounding_images/7482/valid/,../../data/Deepfish/surrounding_images/7482/valid/7482_F2_f000670.jpg
7482_F2_f000680.jpg,train,../../data/Deepfish/surrounding_images/7482/valid/,../../data/Deepfish/surrounding_images/7482/valid/7482_F2_f000680.jpg
7482_NF1_f000000.jpg,train,../../data/Deepfish/surrounding_images/7482/empty/,../../data/Deepfish/surrounding_images/7482/empty/7482_NF1_f000000.jpg
7482_NF1_f000010.jpg,train,../../data/Deepfish/surrounding_images/7482/empty/,../../data/Deepfish/surrounding_images/7482/empty/7482_NF1_f000010.jpg
7482_NF1_f000020.jpg,train,../../data/Deepfish/surrounding_images/7482/empty/,../../data/Deepfish/surrounding_images/7482/empty/7482_NF1_f000020.jpg
7482_NF1_f000030.jpg,train,../../data/Deepfish/surrounding_images/7482/empty/,../../data/Deepfish/surrounding_images/7482/empty/7482_NF1_f000030.jpg
7482_NF1_f000040.jpg,train,../../data/Deepfish/surrounding_images/7482/empty/,../../data/Deepfish/surrounding_images/7482/empty/7482_NF1_f000040.jpg
7482_NF1_f000050.jpg,train,../../data/Deepfish/surrounding_images/7482/empty/,../../data/Deepfish/surrounding_images/7482/empty/7482_NF1_f000050.jpg
7482_NF1_f000060.jpg,train,../../data/Deepfish/surrounding_images/7482/empty/,../../data/Deepfish/surrounding_images/7482/empty/7482_NF1_f000060.jpg
7482_NF1_f000070.jpg,train,../../data/Deepfish/surrounding_images/7482/empty/,../../data/Deepfish/surrounding_images/7482/empty/7482_NF1_f000070.jpg
7482_NF1_f000080.jpg,train,../../data/Deepfish/surrounding_images/7482/empty/,../../data/Deepfish/surrounding_images/7482/empty/7482_NF1_f000080.jpg
7482_NF1_f000090.jpg,train,../../data/Deepfish/surrounding_images/7482/empty/,../../data/Deepfish/surrounding_images/7482/empty/7482_NF1_f000090.jpg
7482_NF1_f000100.jpg,train,../../data/Deepfish/surrounding_images/7482/empty/,../../data/Deepfish/surrounding_images/7482/empty/7482_NF1_f000100.jpg
7482_NF1_f000110.jpg,train,../../data/Deepfish/surrounding_images/7482/empty/,../../data/Deepfish/surrounding_images/7482/empty/7482_NF1_f000110.jpg
7482_NF1_f000120.jpg,train,../../data/Deepfish/surrounding_images/7482/empty/,../../data/Deepfish/surrounding_images/7482/empty/7482_NF1_f000120.jpg
7482_NF1_f000130.jpg,train,../../data/Deepfish/surrounding_images/7482/empty/,../../data/Deepfish/surrounding_images/7482/empty/7482_NF1_f000130.jpg
7482_NF1_f001760.jpg,train,../../data/Deepfish/surrounding_images/7482/empty/,../../data/Deepfish/surrounding_images/7482/empty/7482_NF1_f001760.jpg
7482_NF1_f001770.jpg,train,../../data/Deepfish/surrounding_images/7482/empty/,../../data/Deepfish/surrounding_images/7482/empty/7482_NF1_f001770.jpg
7585_NF2_f000140.jpg,train,../../data/Deepfish/surrounding_images/7585/empty/,../../data/Deepfish/surrounding_images/7585/empty/7585_NF2_f000140.jpg
7585_NF2_f000150.jpg,train,../../data/Deepfish/surrounding_images/7585/empty/,../../data/Deepfish/surrounding_images/7585/empty/7585_NF2_f000150.jpg
7585_NF2_f000160.jpg,train,../../data/Deepfish/surrounding_images/7585/empty/,../../data/Deepfish/surrounding_images/7585/empty/7585_NF2_f000160.jpg
7585_NF2_f000170.jpg,train,../../data/Deepfish/surrounding_images/7585/empty/,../../data/Deepfish/surrounding_images/7585/empty/7585_NF2_f000170.jpg
7585_NF2_f000180.jpg,train,../../data/Deepfish/surrounding_images/7585/empty/,../../data/Deepfish/surrounding_images/7585/empty/7585_NF2_f000180.jpg
7585_NF2_f000200.jpg,train,../../data/Deepfish/surrounding_images/7585/empty/,../../data/Deepfish/surrounding_images/7585/empty/7585_NF2_f000200.jpg
7585_NF2_f000210.jpg,train,../../data/Deepfish/surrounding_images/7585/empty/,../../data/Deepfish/surrounding_images/7585/empty/7585_NF2_f000210.jpg
7585_NF2_f000220.jpg,train,../../data/Deepfish/surrounding_images/7585/empty/,../../data/Deepfish/surrounding_images/7585/empty/7585_NF2_f000220.jpg
7585_NF2_f000230.jpg,train,../../data/Deepfish/surrounding_images/7585/empty/,../../data/Deepfish/surrounding_images/7585/empty/7585_NF2_f000230.jpg
7585_NF2_f000240.jpg,train,../../data/Deepfish/surrounding_images/7585/empty/,../../data/Deepfish/surrounding_images/7585/empty/7585_NF2_f000240.jpg
7585_NF2_f000250.jpg,train,../../data/Deepfish/surrounding_images/7585/empty/,../../data/Deepfish/surrounding_images/7585/empty/7585_NF2_f000250.jpg
7585_NF2_f000260.jpg,train,../../data/Deepfish/surrounding_images/7585/empty/,../../data/Deepfish/surrounding_images/7585/empty/7585_NF2_f000260.jpg
7585_NF2_f000270.jpg,train,../../data/Deepfish/surrounding_images/7585/empty/,../../data/Deepfish/surrounding_images/7585/empty/7585_NF2_f000270.jpg
7585_NF2_f000900.jpg,train,../../data/Deepfish/surrounding_images/7585/empty/,../../data/Deepfish/surrounding_images/7585/empty/7585_NF2_f000900.jpg
7585_NF2_f000910.jpg,train,../../data/Deepfish/surrounding_images/7585/empty/,../../data/Deepfish/surrounding_images/7585/empty/7585_NF2_f000910.jpg
7623_F2_f000050.jpg,train,../../data/Deepfish/surrounding_images/7623/valid/,../../data/Deepfish/surrounding_images/7623/valid/7623_F2_f000050.jpg
7623_F2_f000100.jpg,train,../../data/Deepfish/surrounding_images/7623/valid/,../../data/Deepfish/surrounding_images/7623/valid/7623_F2_f000100.jpg
7623_F2_f000110.jpg,train,../../data/Deepfish/surrounding_images/7623/valid/,../../data/Deepfish/surrounding_images/7623/valid/7623_F2_f000110.jpg
7623_F2_f000120.jpg,train,../../data/Deepfish/surrounding_images/7623/valid/,../../data/Deepfish/surrounding_images/7623/valid/7623_F2_f000120.jpg
7623_F2_f000140.jpg,train,../../data/Deepfish/surrounding_images/7623/valid/,../../data/Deepfish/surrounding_images/7623/valid/7623_F2_f000140.jpg
7623_F2_f000150.jpg,train,../../data/Deepfish/surrounding_images/7623/valid/,../../data/Deepfish/surrounding_images/7623/valid/7623_F2_f000150.jpg
7623_F2_f000170.jpg,train,../../data/Deepfish/surrounding_images/7623/valid/,../../data/Deepfish/surrounding_images/7623/valid/7623_F2_f000170.jpg
7623_F2_f000180.jpg,train,../../data/Deepfish/surrounding_images/7623/valid/,../../data/Deepfish/surrounding_images/7623/valid/7623_F2_f000180.jpg
7623_F2_f000190.jpg,train,../../data/Deepfish/surrounding_images/7623/valid/,../../data/Deepfish/surrounding_images/7623/valid/7623_F2_f000190.jpg
7623_F2_f000200.jpg,train,../../data/Deepfish/surrounding_images/7623/valid/,../../data/Deepfish/surrounding_images/7623/valid/7623_F2_f000200.jpg
7623_F2_f000210.jpg,train,../../data/Deepfish/surrounding_images/7623/valid/,../../data/Deepfish/surrounding_images/7623/valid/7623_F2_f000210.jpg
7623_F2_f000220.jpg,train,../../data/Deepfish/surrounding_images/7623/valid/,../../data/Deepfish/surrounding_images/7623/valid/7623_F2_f000220.jpg
7623_F2_f000230.jpg,train,../../data/Deepfish/surrounding_images/7623/valid/,../../data/Deepfish/surrounding_images/7623/valid/7623_F2_f000230.jpg
7623_F2_f000240.jpg,train,../../data/Deepfish/surrounding_images/7623/valid/,../../data/Deepfish/surrounding_images/7623/valid/7623_F2_f000240.jpg
7623_F2_f000250.jpg,train,../../data/Deepfish/surrounding_images/7623/valid/,../../data/Deepfish/surrounding_images/7623/valid/7623_F2_f000250.jpg
7623_F2_f000260.jpg,train,../../data/Deepfish/surrounding_images/7623/valid/,../../data/Deepfish/surrounding_images/7623/valid/7623_F2_f000260.jpg
7623_F2_f000270.jpg,train,../../data/Deepfish/surrounding_images/7623/valid/,../../data/Deepfish/surrounding_images/7623/valid/7623_F2_f000270.jpg
7623_F2_f000280.jpg,train,../../data/Deepfish/surrounding_images/7623/valid/,../../data/Deepfish/surrounding_images/7623/valid/7623_F2_f000280.jpg
7623_F2_f000290.jpg,train,../../data/Deepfish/surrounding_images/7623/valid/,../../data/Deepfish/surrounding_images/7623/valid/7623_F2_f000290.jpg
7623_F2_f000300.jpg,train,../../data/Deepfish/surrounding_images/7623/valid/,../../data/Deepfish/surrounding_images/7623/valid/7623_F2_f000300.jpg
7623_F2_f000310.jpg,train,../../data/Deepfish/surrounding_images/7623/valid/,../../data/Deepfish/surrounding_images/7623/valid/7623_F2_f000310.jpg
7623_F2_f000320.jpg,train,../../data/Deepfish/surrounding_images/7623/valid/,../../data/Deepfish/surrounding_images/7623/valid/7623_F2_f000320.jpg
7623_F2_f000370.jpg,train,../../data/Deepfish/surrounding_images/7623/valid/,../../data/Deepfish/surrounding_images/7623/valid/7623_F2_f000370.jpg
7623_F2_f000380.jpg,train,../../data/Deepfish/surrounding_images/7623/valid/,../../data/Deepfish/surrounding_images/7623/valid/7623_F2_f000380.jpg
7623_F2_f000390.jpg,train,../../data/Deepfish/surrounding_images/7623/valid/,../../data/Deepfish/surrounding_images/7623/valid/7623_F2_f000390.jpg
7623_F2_f000400.jpg,train,../../data/Deepfish/surrounding_images/7623/valid/,../../data/Deepfish/surrounding_images/7623/valid/7623_F2_f000400.jpg
7623_F2_f000410.jpg,train,../../data/Deepfish/surrounding_images/7623/valid/,../../data/Deepfish/surrounding_images/7623/valid/7623_F2_f000410.jpg
7623_F2_f000460.jpg,train,../../data/Deepfish/surrounding_images/7623/valid/,../../data/Deepfish/surrounding_images/7623/valid/7623_F2_f000460.jpg
7623_F2_f000470.jpg,train,../../data/Deepfish/surrounding_images/7623/valid/,../../data/Deepfish/surrounding_images/7623/valid/7623_F2_f000470.jpg
7623_F2_f000480.jpg,train,../../data/Deepfish/surrounding_images/7623/valid/,../../data/Deepfish/surrounding_images/7623/valid/7623_F2_f000480.jpg
7623_F2_f000490.jpg,train,../../data/Deepfish/surrounding_images/7623/valid/,../../data/Deepfish/surrounding_images/7623/valid/7623_F2_f000490.jpg
7623_F2_f000500.jpg,train,../../data/Deepfish/surrounding_images/7623/valid/,../../data/Deepfish/surrounding_images/7623/valid/7623_F2_f000500.jpg
7623_NF1_f000040.jpg,train,../../data/Deepfish/surrounding_images/7623/empty/,../../data/Deepfish/surrounding_images/7623/empty/7623_NF1_f000040.jpg
7623_NF1_f000050.jpg,train,../../data/Deepfish/surrounding_images/7623/empty/,../../data/Deepfish/surrounding_images/7623/empty/7623_NF1_f000050.jpg
7623_NF1_f000060.jpg,train,../../data/Deepfish/surrounding_images/7623/empty/,../../data/Deepfish/surrounding_images/7623/empty/7623_NF1_f000060.jpg
7623_NF1_f000070.jpg,train,../../data/Deepfish/surrounding_images/7623/empty/,../../data/Deepfish/surrounding_images/7623/empty/7623_NF1_f000070.jpg
7623_NF1_f000080.jpg,train,../../data/Deepfish/surrounding_images/7623/empty/,../../data/Deepfish/surrounding_images/7623/empty/7623_NF1_f000080.jpg
7623_NF1_f000090.jpg,train,../../data/Deepfish/surrounding_images/7623/empty/,../../data/Deepfish/surrounding_images/7623/empty/7623_NF1_f000090.jpg
7623_NF1_f000100.jpg,train,../../data/Deepfish/surrounding_images/7623/empty/,../../data/Deepfish/surrounding_images/7623/empty/7623_NF1_f000100.jpg
7623_NF1_f000110.jpg,train,../../data/Deepfish/surrounding_images/7623/empty/,../../data/Deepfish/surrounding_images/7623/empty/7623_NF1_f000110.jpg
7623_NF1_f000120.jpg,train,../../data/Deepfish/surrounding_images/7623/empty/,../../data/Deepfish/surrounding_images/7623/empty/7623_NF1_f000120.jpg
7623_NF1_f000130.jpg,train,../../data/Deepfish/surrounding_images/7623/empty/,../../data/Deepfish/surrounding_images/7623/empty/7623_NF1_f000130.jpg
7623_NF1_f000140.jpg,train,../../data/Deepfish/surrounding_images/7623/empty/,../../data/Deepfish/surrounding_images/7623/empty/7623_NF1_f000140.jpg
7623_NF1_f000150.jpg,train,../../data/Deepfish/surrounding_images/7623/empty/,../../data/Deepfish/surrounding_images/7623/empty/7623_NF1_f000150.jpg
7623_NF1_f000160.jpg,train,../../data/Deepfish/surrounding_images/7623/empty/,../../data/Deepfish/surrounding_images/7623/empty/7623_NF1_f000160.jpg
7623_NF1_f000170.jpg,train,../../data/Deepfish/surrounding_images/7623/empty/,../../data/Deepfish/surrounding_images/7623/empty/7623_NF1_f000170.jpg
7623_NF2_f000320.jpg,train,../../data/Deepfish/surrounding_images/7623/empty/,../../data/Deepfish/surrounding_images/7623/empty/7623_NF2_f000320.jpg
7623_NF2_f000330.jpg,train,../../data/Deepfish/surrounding_images/7623/empty/,../../data/Deepfish/surrounding_images/7623/empty/7623_NF2_f000330.jpg
9852_Acanthopagrus_palmaris_f000000.jpg,train,../../data/Deepfish/surrounding_images/9852/valid/,../../data/Deepfish/surrounding_images/9852/valid/9852_Acanthopagrus_palmaris_f000000.jpg
9852_Acanthopagrus_palmaris_f000010.jpg,train,../../data/Deepfish/surrounding_images/9852/valid/,../../data/Deepfish/surrounding_images/9852/valid/9852_Acanthopagrus_palmaris_f000010.jpg
9852_Acanthopagrus_palmaris_f000020.jpg,train,../../data/Deepfish/surrounding_images/9852/valid/,../../data/Deepfish/surrounding_images/9852/valid/9852_Acanthopagrus_palmaris_f000020.jpg
9852_Acanthopagrus_palmaris_f000030.jpg,train,../../data/Deepfish/surrounding_images/9852/valid/,../../data/Deepfish/surrounding_images/9852/valid/9852_Acanthopagrus_palmaris_f000030.jpg
9852_Acanthopagrus_palmaris_f000040.jpg,train,../../data/Deepfish/surrounding_images/9852/valid/,../../data/Deepfish/surrounding_images/9852/valid/9852_Acanthopagrus_palmaris_f000040.jpg
9852_Acanthopagrus_palmaris_f000050.jpg,train,../../data/Deepfish/surrounding_images/9852/valid/,../../data/Deepfish/surrounding_images/9852/valid/9852_Acanthopagrus_palmaris_f000050.jpg
9852_Acanthopagrus_palmaris_f000060.jpg,train,../../data/Deepfish/surrounding_images/9852/valid/,../../data/Deepfish/surrounding_images/9852/valid/9852_Acanthopagrus_palmaris_f000060.jpg
9852_Acanthopagrus_palmaris_f000070.jpg,train,../../data/Deepfish/surrounding_images/9852/valid/,../../data/Deepfish/surrounding_images/9852/valid/9852_Acanthopagrus_palmaris_f000070.jpg
9852_Acanthopagrus_palmaris_f000080.jpg,train,../../data/Deepfish/surrounding_images/9852/valid/,../../data/Deepfish/surrounding_images/9852/valid/9852_Acanthopagrus_palmaris_f000080.jpg
9852_Lutjanus_russellii_EJP_f000000.jpg,train,../../data/Deepfish/surrounding_images/9852/valid/,../../data/Deepfish/surrounding_images/9852/valid/9852_Lutjanus_russellii_EJP_f000000.jpg
9852_Lutjanus_russellii_EJP_f000010.jpg,train,../../data/Deepfish/surrounding_images/9852/valid/,../../data/Deepfish/surrounding_images/9852/valid/9852_Lutjanus_russellii_EJP_f000010.jpg
9852_Lutjanus_russellii_EJP_f000020.jpg,train,../../data/Deepfish/surrounding_images/9852/valid/,../../data/Deepfish/surrounding_images/9852/valid/9852_Lutjanus_russellii_EJP_f000020.jpg
9852_Lutjanus_russellii_EJP_f000070.jpg,train,../../data/Deepfish/surrounding_images/9852/valid/,../../data/Deepfish/surrounding_images/9852/valid/9852_Lutjanus_russellii_EJP_f000070.jpg
9852_Lutjanus_russellii_EJP_f000080.jpg,train,../../data/Deepfish/surrounding_images/9852/valid/,../../data/Deepfish/surrounding_images/9852/valid/9852_Lutjanus_russellii_EJP_f000080.jpg
9852_no_fish_2_f000050.jpg,train,../../data/Deepfish/surrounding_images/9852/empty/,../../data/Deepfish/surrounding_images/9852/empty/9852_no_fish_2_f000050.jpg
9852_no_fish_2_f000060.jpg,train,../../data/Deepfish/surrounding_images/9852/empty/,../../data/Deepfish/surrounding_images/9852/empty/9852_no_fish_2_f000060.jpg
9852_no_fish_2_f000070.jpg,train,../../data/Deepfish/surrounding_images/9852/empty/,../../data/Deepfish/surrounding_images/9852/empty/9852_no_fish_2_f000070.jpg
9852_no_fish_2_f000080.jpg,train,../../data/Deepfish/surrounding_images/9852/empty/,../../data/Deepfish/surrounding_images/9852/empty/9852_no_fish_2_f000080.jpg
9852_no_fish_2_f000090.jpg,train,../../data/Deepfish/surrounding_images/9852/empty/,../../data/Deepfish/surrounding_images/9852/empty/9852_no_fish_2_f000090.jpg
9852_no_fish_2_f000100.jpg,train,../../data/Deepfish/surrounding_images/9852/empty/,../../data/Deepfish/surrounding_images/9852/empty/9852_no_fish_2_f000100.jpg
9852_no_fish_2_f000110.jpg,train,../../data/Deepfish/surrounding_images/9852/empty/,../../data/Deepfish/surrounding_images/9852/empty/9852_no_fish_2_f000110.jpg
9852_no_fish_2_f000120.jpg,train,../../data/Deepfish/surrounding_images/9852/empty/,../../data/Deepfish/surrounding_images/9852/empty/9852_no_fish_2_f000120.jpg
9852_no_fish_f000000.jpg,train,../../data/Deepfish/surrounding_images/9852/empty/,../../data/Deepfish/surrounding_images/9852/empty/9852_no_fish_f000000.jpg
9852_no_fish_f000010.jpg,train,../../data/Deepfish/surrounding_images/9852/empty/,../../data/Deepfish/surrounding_images/9852/empty/9852_no_fish_f000010.jpg
9852_no_fish_f000020.jpg,train,../../data/Deepfish/surrounding_images/9852/empty/,../../data/Deepfish/surrounding_images/9852/empty/9852_no_fish_f000020.jpg
9852_no_fish_f000030.jpg,train,../../data/Deepfish/surrounding_images/9852/empty/,../../data/Deepfish/surrounding_images/9852/empty/9852_no_fish_f000030.jpg
9852_no_fish_f000040.jpg,train,../../data/Deepfish/surrounding_images/9852/empty/,../../data/Deepfish/surrounding_images/9852/empty/9852_no_fish_f000040.jpg
9852_no_fish_f000050.jpg,train,../../data/Deepfish/surrounding_images/9852/empty/,../../data/Deepfish/surrounding_images/9852/empty/9852_no_fish_f000050.jpg
9862_Acanthopagrus_palmaris_f000000.jpg,train,../../data/Deepfish/surrounding_images/9862/valid/,../../data/Deepfish/surrounding_images/9862/valid/9862_Acanthopagrus_palmaris_f000000.jpg
9862_Acanthopagrus_palmaris_f000030.jpg,train,../../data/Deepfish/surrounding_images/9862/valid/,../../data/Deepfish/surrounding_images/9862/valid/9862_Acanthopagrus_palmaris_f000030.jpg
9862_Acanthopagrus_palmaris_f000040.jpg,train,../../data/Deepfish/surrounding_images/9862/valid/,../../data/Deepfish/surrounding_images/9862/valid/9862_Acanthopagrus_palmaris_f000040.jpg
9862_Acanthopagrus_palmaris_f000050.jpg,train,../../data/Deepfish/surrounding_images/9862/valid/,../../data/Deepfish/surrounding_images/9862/valid/9862_Acanthopagrus_palmaris_f000050.jpg
9862_Acanthopagrus_palmaris_f000060.jpg,train,../../data/Deepfish/surrounding_images/9862/valid/,../../data/Deepfish/surrounding_images/9862/valid/9862_Acanthopagrus_palmaris_f000060.jpg
9862_Acanthopagrus_palmaris_f000070.jpg,train,../../data/Deepfish/surrounding_images/9862/valid/,../../data/Deepfish/surrounding_images/9862/valid/9862_Acanthopagrus_palmaris_f000070.jpg
9862_Acanthopagrus_palmaris_f000080.jpg,train,../../data/Deepfish/surrounding_images/9862/valid/,../../data/Deepfish/surrounding_images/9862/valid/9862_Acanthopagrus_palmaris_f000080.jpg
9862_Acanthopagrus_palmaris_f000090.jpg,train,../../data/Deepfish/surrounding_images/9862/valid/,../../data/Deepfish/surrounding_images/9862/valid/9862_Acanthopagrus_palmaris_f000090.jpg
9862_no_fish_f000070.jpg,train,../../data/Deepfish/surrounding_images/9862/empty/,../../data/Deepfish/surrounding_images/9862/empty/9862_no_fish_f000070.jpg
9862_Acanthopagrus_palmaris_f000100.jpg,train,../../data/Deepfish/surrounding_images/9862/valid/,../../data/Deepfish/surrounding_images/9862/valid/9862_Acanthopagrus_palmaris_f000100.jpg
9862_Acanthopagrus_palmaris_f000110.jpg,train,../../data/Deepfish/surrounding_images/9862/valid/,../../data/Deepfish/surrounding_images/9862/valid/9862_Acanthopagrus_palmaris_f000110.jpg
9862_Acanthopagrus_palmaris_f000120.jpg,train,../../data/Deepfish/surrounding_images/9862/valid/,../../data/Deepfish/surrounding_images/9862/valid/9862_Acanthopagrus_palmaris_f000120.jpg
9862_no_fish_f000080.jpg,train,../../data/Deepfish/surrounding_images/9862/empty/,../../data/Deepfish/surrounding_images/9862/empty/9862_no_fish_f000080.jpg
9862_no_fish_f000090.jpg,train,../../data/Deepfish/surrounding_images/9862/empty/,../../data/Deepfish/surrounding_images/9862/empty/9862_no_fish_f000090.jpg
9862_no_fish_f000100.jpg,train,../../data/Deepfish/surrounding_images/9862/empty/,../../data/Deepfish/surrounding_images/9862/empty/9862_no_fish_f000100.jpg
9862_no_fish_f000110.jpg,train,../../data/Deepfish/surrounding_images/9862/empty/,../../data/Deepfish/surrounding_images/9862/empty/9862_no_fish_f000110.jpg
9862_no_fish_f000120.jpg,train,../../data/Deepfish/surrounding_images/9862/empty/,../../data/Deepfish/surrounding_images/9862/empty/9862_no_fish_f000120.jpg
9862_no_fish_f000130.jpg,train,../../data/Deepfish/surrounding_images/9862/empty/,../../data/Deepfish/surrounding_images/9862/empty/9862_no_fish_f000130.jpg
9862_no_fish_f000140.jpg,train,../../data/Deepfish/surrounding_images/9862/empty/,../../data/Deepfish/surrounding_images/9862/empty/9862_no_fish_f000140.jpg
9862_no_fish_f000150.jpg,train,../../data/Deepfish/surrounding_images/9862/empty/,../../data/Deepfish/surrounding_images/9862/empty/9862_no_fish_f000150.jpg
9862_no_fish_f000160.jpg,train,../../data/Deepfish/surrounding_images/9862/empty/,../../data/Deepfish/surrounding_images/9862/empty/9862_no_fish_f000160.jpg
9862_no_fish_f000170.jpg,train,../../data/Deepfish/surrounding_images/9862/empty/,../../data/Deepfish/surrounding_images/9862/empty/9862_no_fish_f000170.jpg
9862_no_fish_f000180.jpg,train,../../data/Deepfish/surrounding_images/9862/empty/,../../data/Deepfish/surrounding_images/9862/empty/9862_no_fish_f000180.jpg
9862_no_fish_f000190.jpg,train,../../data/Deepfish/surrounding_images/9862/empty/,../../data/Deepfish/surrounding_images/9862/empty/9862_no_fish_f000190.jpg
9862_no_fish_f000200.jpg,train,../../data/Deepfish/surrounding_images/9862/empty/,../../data/Deepfish/surrounding_images/9862/empty/9862_no_fish_f000200.jpg
9862_no_fish_f000280.jpg,train,../../data/Deepfish/surrounding_images/9862/empty/,../../data/Deepfish/surrounding_images/9862/empty/9862_no_fish_f000280.jpg
9862_no_fish_f000290.jpg,train,../../data/Deepfish/surrounding_images/9862/empty/,../../data/Deepfish/surrounding_images/9862/empty/9862_no_fish_f000290.jpg
9866_acanthopagrus_and_caranx_f000040.jpg,train,../../data/Deepfish/surrounding_images/9866/valid/,../../data/Deepfish/surrounding_images/9866/valid/9866_acanthopagrus_and_caranx_f000040.jpg
9866_acanthopagrus_and_caranx_f000050.jpg,train,../../data/Deepfish/surrounding_images/9866/valid/,../../data/Deepfish/surrounding_images/9866/valid/9866_acanthopagrus_and_caranx_f000050.jpg
9866_acanthopagrus_and_caranx_f000090.jpg,train,../../data/Deepfish/surrounding_images/9866/valid/,../../data/Deepfish/surrounding_images/9866/valid/9866_acanthopagrus_and_caranx_f000090.jpg
9866_acanthopagrus_and_caranx_f000140.jpg,train,../../data/Deepfish/surrounding_images/9866/valid/,../../data/Deepfish/surrounding_images/9866/valid/9866_acanthopagrus_and_caranx_f000140.jpg
9866_acanthopagrus_and_caranx_f000160.jpg,train,../../data/Deepfish/surrounding_images/9866/valid/,../../data/Deepfish/surrounding_images/9866/valid/9866_acanthopagrus_and_caranx_f000160.jpg
9866_acanthopagrus_and_caranx_f000170.jpg,train,../../data/Deepfish/surrounding_images/9866/valid/,../../data/Deepfish/surrounding_images/9866/valid/9866_acanthopagrus_and_caranx_f000170.jpg
9866_acanthopagrus_and_caranx_f000180.jpg,train,../../data/Deepfish/surrounding_images/9866/valid/,../../data/Deepfish/surrounding_images/9866/valid/9866_acanthopagrus_and_caranx_f000180.jpg
9866_acanthopagrus_and_caranx_f000190.jpg,train,../../data/Deepfish/surrounding_images/9866/valid/,../../data/Deepfish/surrounding_images/9866/valid/9866_acanthopagrus_and_caranx_f000190.jpg
9866_acanthopagrus_and_caranx_f000200.jpg,train,../../data/Deepfish/surrounding_images/9866/valid/,../../data/Deepfish/surrounding_images/9866/valid/9866_acanthopagrus_and_caranx_f000200.jpg
9866_acanthopagrus_and_caranx_f000210.jpg,train,../../data/Deepfish/surrounding_images/9866/valid/,../../data/Deepfish/surrounding_images/9866/valid/9866_acanthopagrus_and_caranx_f000210.jpg
9866_acanthopagrus_and_caranx_f000220.jpg,train,../../data/Deepfish/surrounding_images/9866/valid/,../../data/Deepfish/surrounding_images/9866/valid/9866_acanthopagrus_and_caranx_f000220.jpg
9866_acanthopagrus_and_caranx_f000230.jpg,train,../../data/Deepfish/surrounding_images/9866/valid/,../../data/Deepfish/surrounding_images/9866/valid/9866_acanthopagrus_and_caranx_f000230.jpg
9866_acanthopagrus_and_caranx_f000240.jpg,train,../../data/Deepfish/surrounding_images/9866/valid/,../../data/Deepfish/surrounding_images/9866/valid/9866_acanthopagrus_and_caranx_f000240.jpg
9866_acanthopagrus_and_caranx_f000260.jpg,train,../../data/Deepfish/surrounding_images/9866/valid/,../../data/Deepfish/surrounding_images/9866/valid/9866_acanthopagrus_and_caranx_f000260.jpg
9866_acanthopagrus_and_caranx_f000270.jpg,train,../../data/Deepfish/surrounding_images/9866/valid/,../../data/Deepfish/surrounding_images/9866/valid/9866_acanthopagrus_and_caranx_f000270.jpg
9866_acanthopagrus_and_caranx_f000280.jpg,train,../../data/Deepfish/surrounding_images/9866/valid/,../../data/Deepfish/surrounding_images/9866/valid/9866_acanthopagrus_and_caranx_f000280.jpg
9866_acanthopagrus_and_caranx_f000290.jpg,train,../../data/Deepfish/surrounding_images/9866/valid/,../../data/Deepfish/surrounding_images/9866/valid/9866_acanthopagrus_and_caranx_f000290.jpg
9866_acanthopagrus_and_caranx_f000300.jpg,train,../../data/Deepfish/surrounding_images/9866/valid/,../../data/Deepfish/surrounding_images/9866/valid/9866_acanthopagrus_and_caranx_f000300.jpg
9866_acanthopagrus_and_caranx_f000310.jpg,train,../../data/Deepfish/surrounding_images/9866/valid/,../../data/Deepfish/surrounding_images/9866/valid/9866_acanthopagrus_and_caranx_f000310.jpg
9866_acanthopagrus_and_caranx_f000320.jpg,train,../../data/Deepfish/surrounding_images/9866/valid/,../../data/Deepfish/surrounding_images/9866/valid/9866_acanthopagrus_and_caranx_f000320.jpg
9866_acanthopagrus_and_caranx_f000330.jpg,train,../../data/Deepfish/surrounding_images/9866/valid/,../../data/Deepfish/surrounding_images/9866/valid/9866_acanthopagrus_and_caranx_f000330.jpg
9866_acanthopagrus_and_caranx_f000340.jpg,train,../../data/Deepfish/surrounding_images/9866/valid/,../../data/Deepfish/surrounding_images/9866/valid/9866_acanthopagrus_and_caranx_f000340.jpg
9866_acanthopagrus_and_caranx_f000350.jpg,train,../../data/Deepfish/surrounding_images/9866/valid/,../../data/Deepfish/surrounding_images/9866/valid/9866_acanthopagrus_and_caranx_f000350.jpg
9866_acanthopagrus_and_caranx_f000360.jpg,train,../../data/Deepfish/surrounding_images/9866/valid/,../../data/Deepfish/surrounding_images/9866/valid/9866_acanthopagrus_and_caranx_f000360.jpg
9866_acanthopagrus_and_caranx_f000370.jpg,train,../../data/Deepfish/surrounding_images/9866/valid/,../../data/Deepfish/surrounding_images/9866/valid/9866_acanthopagrus_and_caranx_f000370.jpg
9866_acanthopagrus_and_caranx_f000380.jpg,train,../../data/Deepfish/surrounding_images/9866/valid/,../../data/Deepfish/surrounding_images/9866/valid/9866_acanthopagrus_and_caranx_f000380.jpg
9866_acanthopagrus_and_caranx_f000390.jpg,train,../../data/Deepfish/surrounding_images/9866/valid/,../../data/Deepfish/surrounding_images/9866/valid/9866_acanthopagrus_and_caranx_f000390.jpg
9866_acanthopagrus_and_caranx_f000400.jpg,train,../../data/Deepfish/surrounding_images/9866/valid/,../../data/Deepfish/surrounding_images/9866/valid/9866_acanthopagrus_and_caranx_f000400.jpg
9866_acanthopagrus_palmaris_f000000.jpg,train,../../data/Deepfish/surrounding_images/9866/valid/,../../data/Deepfish/surrounding_images/9866/valid/9866_acanthopagrus_palmaris_f000000.jpg
9866_acanthopagrus_palmaris_f000010.jpg,train,../../data/Deepfish/surrounding_images/9866/valid/,../../data/Deepfish/surrounding_images/9866/valid/9866_acanthopagrus_palmaris_f000010.jpg
9866_acanthopagrus_palmaris_f000030.jpg,train,../../data/Deepfish/surrounding_images/9866/valid/,../../data/Deepfish/surrounding_images/9866/valid/9866_acanthopagrus_palmaris_f000030.jpg
9866_acanthopagrus_palmaris_f000040.jpg,train,../../data/Deepfish/surrounding_images/9866/valid/,../../data/Deepfish/surrounding_images/9866/valid/9866_acanthopagrus_palmaris_f000040.jpg
9866_acanthopagrus_palmaris_f000050.jpg,train,../../data/Deepfish/surrounding_images/9866/valid/,../../data/Deepfish/surrounding_images/9866/valid/9866_acanthopagrus_palmaris_f000050.jpg
9866_acanthopagrus_palmaris_f000060.jpg,train,../../data/Deepfish/surrounding_images/9866/valid/,../../data/Deepfish/surrounding_images/9866/valid/9866_acanthopagrus_palmaris_f000060.jpg
9866_acanthopagrus_palmaris_f000070.jpg,train,../../data/Deepfish/surrounding_images/9866/valid/,../../data/Deepfish/surrounding_images/9866/valid/9866_acanthopagrus_palmaris_f000070.jpg
9866_acanthopagrus_palmaris_f000090.jpg,train,../../data/Deepfish/surrounding_images/9866/valid/,../../data/Deepfish/surrounding_images/9866/valid/9866_acanthopagrus_palmaris_f000090.jpg
9866_acanthopagrus_palmaris_f000100.jpg,train,../../data/Deepfish/surrounding_images/9866/valid/,../../data/Deepfish/surrounding_images/9866/valid/9866_acanthopagrus_palmaris_f000100.jpg
9866_acanthopagrus_palmaris_f000110.jpg,train,../../data/Deepfish/surrounding_images/9866/valid/,../../data/Deepfish/surrounding_images/9866/valid/9866_acanthopagrus_palmaris_f000110.jpg
9866_acanthopagrus_palmaris_f000120.jpg,train,../../data/Deepfish/surrounding_images/9866/valid/,../../data/Deepfish/surrounding_images/9866/valid/9866_acanthopagrus_palmaris_f000120.jpg
9866_acanthopagrus_palmaris_f000130.jpg,train,../../data/Deepfish/surrounding_images/9866/valid/,../../data/Deepfish/surrounding_images/9866/valid/9866_acanthopagrus_palmaris_f000130.jpg
9866_acanthopagrus_palmaris_f000140.jpg,train,../../data/Deepfish/surrounding_images/9866/valid/,../../data/Deepfish/surrounding_images/9866/valid/9866_acanthopagrus_palmaris_f000140.jpg
9866_acanthopagrus_palmaris_f000150.jpg,train,../../data/Deepfish/surrounding_images/9866/valid/,../../data/Deepfish/surrounding_images/9866/valid/9866_acanthopagrus_palmaris_f000150.jpg
9866_acanthopagrus_palmaris_f000160.jpg,train,../../data/Deepfish/surrounding_images/9866/valid/,../../data/Deepfish/surrounding_images/9866/valid/9866_acanthopagrus_palmaris_f000160.jpg
9866_acanthopagrus_palmaris_f000170.jpg,train,../../data/Deepfish/surrounding_images/9866/valid/,../../data/Deepfish/surrounding_images/9866/valid/9866_acanthopagrus_palmaris_f000170.jpg
9866_acanthopagrus_palmaris_f000180.jpg,train,../../data/Deepfish/surrounding_images/9866/valid/,../../data/Deepfish/surrounding_images/9866/valid/9866_acanthopagrus_palmaris_f000180.jpg
9866_acanthopagrus_palmaris_f000190.jpg,train,../../data/Deepfish/surrounding_images/9866/valid/,../../data/Deepfish/surrounding_images/9866/valid/9866_acanthopagrus_palmaris_f000190.jpg
9866_acanthopagrus_palmaris_f000200.jpg,train,../../data/Deepfish/surrounding_images/9866/valid/,../../data/Deepfish/surrounding_images/9866/valid/9866_acanthopagrus_palmaris_f000200.jpg
9866_acanthopagrus_palmaris_f000210.jpg,train,../../data/Deepfish/surrounding_images/9866/valid/,../../data/Deepfish/surrounding_images/9866/valid/9866_acanthopagrus_palmaris_f000210.jpg
9866_acanthopagrus_palmaris_f000220.jpg,train,../../data/Deepfish/surrounding_images/9866/valid/,../../data/Deepfish/surrounding_images/9866/valid/9866_acanthopagrus_palmaris_f000220.jpg
9866_acanthopagrus_palmaris_f000230.jpg,train,../../data/Deepfish/surrounding_images/9866/valid/,../../data/Deepfish/surrounding_images/9866/valid/9866_acanthopagrus_palmaris_f000230.jpg
9866_no_fish_f000100.jpg,train,../../data/Deepfish/surrounding_images/9866/empty/,../../data/Deepfish/surrounding_images/9866/empty/9866_no_fish_f000100.jpg
9866_no_fish_f000140.jpg,train,../../data/Deepfish/surrounding_images/9866/empty/,../../data/Deepfish/surrounding_images/9866/empty/9866_no_fish_f000140.jpg
9866_no_fish_f000150.jpg,train,../../data/Deepfish/surrounding_images/9866/empty/,../../data/Deepfish/surrounding_images/9866/empty/9866_no_fish_f000150.jpg
9866_acanthopagrus_palmaris_f000260.jpg,train,../../data/Deepfish/surrounding_images/9866/valid/,../../data/Deepfish/surrounding_images/9866/valid/9866_acanthopagrus_palmaris_f000260.jpg
9866_acanthopagrus_palmaris_f000270.jpg,train,../../data/Deepfish/surrounding_images/9866/valid/,../../data/Deepfish/surrounding_images/9866/valid/9866_acanthopagrus_palmaris_f000270.jpg
9866_acanthopagrus_palmaris_f000280.jpg,train,../../data/Deepfish/surrounding_images/9866/valid/,../../data/Deepfish/surrounding_images/9866/valid/9866_acanthopagrus_palmaris_f000280.jpg
9866_acanthopagrus_palmaris_f000290.jpg,train,../../data/Deepfish/surrounding_images/9866/valid/,../../data/Deepfish/surrounding_images/9866/valid/9866_acanthopagrus_palmaris_f000290.jpg
9866_acanthopagrus_palmaris_f000300.jpg,train,../../data/Deepfish/surrounding_images/9866/valid/,../../data/Deepfish/surrounding_images/9866/valid/9866_acanthopagrus_palmaris_f000300.jpg
9866_acanthopagrus_palmaris_f000310.jpg,train,../../data/Deepfish/surrounding_images/9866/valid/,../../data/Deepfish/surrounding_images/9866/valid/9866_acanthopagrus_palmaris_f000310.jpg
9866_acanthopagrus_palmaris_f000380.jpg,train,../../data/Deepfish/surrounding_images/9866/valid/,../../data/Deepfish/surrounding_images/9866/valid/9866_acanthopagrus_palmaris_f000380.jpg
9866_acanthopagrus_palmaris_f000390.jpg,train,../../data/Deepfish/surrounding_images/9866/valid/,../../data/Deepfish/surrounding_images/9866/valid/9866_acanthopagrus_palmaris_f000390.jpg
9866_acanthopagrus_palmaris_f000400.jpg,train,../../data/Deepfish/surrounding_images/9866/valid/,../../data/Deepfish/surrounding_images/9866/valid/9866_acanthopagrus_palmaris_f000400.jpg
9866_acanthopagrus_palmaris_f000410.jpg,train,../../data/Deepfish/surrounding_images/9866/valid/,../../data/Deepfish/surrounding_images/9866/valid/9866_acanthopagrus_palmaris_f000410.jpg
9866_acanthopagrus_palmaris_f000420.jpg,train,../../data/Deepfish/surrounding_images/9866/valid/,../../data/Deepfish/surrounding_images/9866/valid/9866_acanthopagrus_palmaris_f000420.jpg
9866_acanthopagrus_palmaris_f000430.jpg,train,../../data/Deepfish/surrounding_images/9866/valid/,../../data/Deepfish/surrounding_images/9866/valid/9866_acanthopagrus_palmaris_f000430.jpg
9866_acanthopagrus_palmaris_f000440.jpg,train,../../data/Deepfish/surrounding_images/9866/valid/,../../data/Deepfish/surrounding_images/9866/valid/9866_acanthopagrus_palmaris_f000440.jpg
9866_no_fish_f000110.jpg,train,../../data/Deepfish/surrounding_images/9866/empty/,../../data/Deepfish/surrounding_images/9866/empty/9866_no_fish_f000110.jpg
9866_no_fish_f000120.jpg,train,../../data/Deepfish/surrounding_images/9866/empty/,../../data/Deepfish/surrounding_images/9866/empty/9866_no_fish_f000120.jpg
9866_no_fish_f000130.jpg,train,../../data/Deepfish/surrounding_images/9866/empty/,../../data/Deepfish/surrounding_images/9866/empty/9866_no_fish_f000130.jpg
9866_no_fish_f000160.jpg,train,../../data/Deepfish/surrounding_images/9866/empty/,../../data/Deepfish/surrounding_images/9866/empty/9866_no_fish_f000160.jpg
9866_no_fish_f000170.jpg,train,../../data/Deepfish/surrounding_images/9866/empty/,../../data/Deepfish/surrounding_images/9866/empty/9866_no_fish_f000170.jpg
9866_no_fish_f000180.jpg,train,../../data/Deepfish/surrounding_images/9866/empty/,../../data/Deepfish/surrounding_images/9866/empty/9866_no_fish_f000180.jpg
9866_no_fish_f000190.jpg,train,../../data/Deepfish/surrounding_images/9866/empty/,../../data/Deepfish/surrounding_images/9866/empty/9866_no_fish_f000190.jpg
9866_no_fish_f000200.jpg,train,../../data/Deepfish/surrounding_images/9866/empty/,../../data/Deepfish/surrounding_images/9866/empty/9866_no_fish_f000200.jpg
9866_no_fish_f000210.jpg,train,../../data/Deepfish/surrounding_images/9866/empty/,../../data/Deepfish/surrounding_images/9866/empty/9866_no_fish_f000210.jpg
9866_no_fish_f000220.jpg,train,../../data/Deepfish/surrounding_images/9866/empty/,../../data/Deepfish/surrounding_images/9866/empty/9866_no_fish_f000220.jpg
9866_no_fish_f000230.jpg,train,../../data/Deepfish/surrounding_images/9866/empty/,../../data/Deepfish/surrounding_images/9866/empty/9866_no_fish_f000230.jpg
9866_no_fish_f000250.jpg,train,../../data/Deepfish/surrounding_images/9866/empty/,../../data/Deepfish/surrounding_images/9866/empty/9866_no_fish_f000250.jpg
9866_no_fish_f000260.jpg,train,../../data/Deepfish/surrounding_images/9866/empty/,../../data/Deepfish/surrounding_images/9866/empty/9866_no_fish_f000260.jpg
9892_acanthopagrus_palmaris_f000050.jpg,train,../../data/Deepfish/surrounding_images/9892/valid/,../../data/Deepfish/surrounding_images/9892/valid/9892_acanthopagrus_palmaris_f000050.jpg
9870_Gerres_f000000.jpg,train,../../data/Deepfish/surrounding_images/9870/valid/,../../data/Deepfish/surrounding_images/9870/valid/9870_Gerres_f000000.jpg
9870_Gerres_f000010.jpg,train,../../data/Deepfish/surrounding_images/9870/valid/,../../data/Deepfish/surrounding_images/9870/valid/9870_Gerres_f000010.jpg
9870_Gerres_f000020.jpg,train,../../data/Deepfish/surrounding_images/9870/valid/,../../data/Deepfish/surrounding_images/9870/valid/9870_Gerres_f000020.jpg
9870_Gerres_f000030.jpg,train,../../data/Deepfish/surrounding_images/9870/valid/,../../data/Deepfish/surrounding_images/9870/valid/9870_Gerres_f000030.jpg
9870_Gerres_f000040.jpg,train,../../data/Deepfish/surrounding_images/9870/valid/,../../data/Deepfish/surrounding_images/9870/valid/9870_Gerres_f000040.jpg
9870_Gerres_f000080.jpg,train,../../data/Deepfish/surrounding_images/9870/valid/,../../data/Deepfish/surrounding_images/9870/valid/9870_Gerres_f000080.jpg
9870_Gerres_f000090.jpg,train,../../data/Deepfish/surrounding_images/9870/valid/,../../data/Deepfish/surrounding_images/9870/valid/9870_Gerres_f000090.jpg
9870_Gerres_f000100.jpg,train,../../data/Deepfish/surrounding_images/9870/valid/,../../data/Deepfish/surrounding_images/9870/valid/9870_Gerres_f000100.jpg
9870_Gerres_f000110.jpg,train,../../data/Deepfish/surrounding_images/9870/valid/,../../data/Deepfish/surrounding_images/9870/valid/9870_Gerres_f000110.jpg
9870_Gerres_f000120.jpg,train,../../data/Deepfish/surrounding_images/9870/valid/,../../data/Deepfish/surrounding_images/9870/valid/9870_Gerres_f000120.jpg
9870_Gerres_f000130.jpg,train,../../data/Deepfish/surrounding_images/9870/valid/,../../data/Deepfish/surrounding_images/9870/valid/9870_Gerres_f000130.jpg
9870_Gerres_f000140.jpg,train,../../data/Deepfish/surrounding_images/9870/valid/,../../data/Deepfish/surrounding_images/9870/valid/9870_Gerres_f000140.jpg
9870_Gerres_f000180.jpg,train,../../data/Deepfish/surrounding_images/9870/valid/,../../data/Deepfish/surrounding_images/9870/valid/9870_Gerres_f000180.jpg
9870_no_fish_f000000.jpg,train,../../data/Deepfish/surrounding_images/9870/empty/,../../data/Deepfish/surrounding_images/9870/empty/9870_no_fish_f000000.jpg
9870_no_fish_f000010.jpg,train,../../data/Deepfish/surrounding_images/9870/empty/,../../data/Deepfish/surrounding_images/9870/empty/9870_no_fish_f000010.jpg
9870_no_fish_f000040.jpg,train,../../data/Deepfish/surrounding_images/9870/empty/,../../data/Deepfish/surrounding_images/9870/empty/9870_no_fish_f000040.jpg
9870_no_fish_f000050.jpg,train,../../data/Deepfish/surrounding_images/9870/empty/,../../data/Deepfish/surrounding_images/9870/empty/9870_no_fish_f000050.jpg
9870_no_fish_f000060.jpg,train,../../data/Deepfish/surrounding_images/9870/empty/,../../data/Deepfish/surrounding_images/9870/empty/9870_no_fish_f000060.jpg
9870_no_fish_f000070.jpg,train,../../data/Deepfish/surrounding_images/9870/empty/,../../data/Deepfish/surrounding_images/9870/empty/9870_no_fish_f000070.jpg
9870_no_fish_f000080.jpg,train,../../data/Deepfish/surrounding_images/9870/empty/,../../data/Deepfish/surrounding_images/9870/empty/9870_no_fish_f000080.jpg
9870_no_fish_f000090.jpg,train,../../data/Deepfish/surrounding_images/9870/empty/,../../data/Deepfish/surrounding_images/9870/empty/9870_no_fish_f000090.jpg
9870_no_fish_f000100.jpg,train,../../data/Deepfish/surrounding_images/9870/empty/,../../data/Deepfish/surrounding_images/9870/empty/9870_no_fish_f000100.jpg
9870_no_fish_f000110.jpg,train,../../data/Deepfish/surrounding_images/9870/empty/,../../data/Deepfish/surrounding_images/9870/empty/9870_no_fish_f000110.jpg
9870_no_fish_f000120.jpg,train,../../data/Deepfish/surrounding_images/9870/empty/,../../data/Deepfish/surrounding_images/9870/empty/9870_no_fish_f000120.jpg
9870_no_fish_f000130.jpg,train,../../data/Deepfish/surrounding_images/9870/empty/,../../data/Deepfish/surrounding_images/9870/empty/9870_no_fish_f000130.jpg
9870_no_fish_f000140.jpg,train,../../data/Deepfish/surrounding_images/9870/empty/,../../data/Deepfish/surrounding_images/9870/empty/9870_no_fish_f000140.jpg
9870_no_fish_f000150.jpg,train,../../data/Deepfish/surrounding_images/9870/empty/,../../data/Deepfish/surrounding_images/9870/empty/9870_no_fish_f000150.jpg
9870_no_fish_f000160.jpg,train,../../data/Deepfish/surrounding_images/9870/empty/,../../data/Deepfish/surrounding_images/9870/empty/9870_no_fish_f000160.jpg
9870_no_fish_f000170.jpg,train,../../data/Deepfish/surrounding_images/9870/empty/,../../data/Deepfish/surrounding_images/9870/empty/9870_no_fish_f000170.jpg
9892_acanthopagrus_palmaris_f000010.jpg,train,../../data/Deepfish/surrounding_images/9892/valid/,../../data/Deepfish/surrounding_images/9892/valid/9892_acanthopagrus_palmaris_f000010.jpg
9892_acanthopagrus_palmaris_f000020.jpg,train,../../data/Deepfish/surrounding_images/9892/valid/,../../data/Deepfish/surrounding_images/9892/valid/9892_acanthopagrus_palmaris_f000020.jpg
9892_acanthopagrus_palmaris_f000030.jpg,train,../../data/Deepfish/surrounding_images/9892/valid/,../../data/Deepfish/surrounding_images/9892/valid/9892_acanthopagrus_palmaris_f000030.jpg
9892_acanthopagrus_palmaris_f000040.jpg,train,../../data/Deepfish/surrounding_images/9892/valid/,../../data/Deepfish/surrounding_images/9892/valid/9892_acanthopagrus_palmaris_f000040.jpg
9892_acanthopagrus_palmaris_f000060.jpg,train,../../data/Deepfish/surrounding_images/9892/valid/,../../data/Deepfish/surrounding_images/9892/valid/9892_acanthopagrus_palmaris_f000060.jpg
9892_acanthopagrus_palmaris_f000070.jpg,train,../../data/Deepfish/surrounding_images/9892/valid/,../../data/Deepfish/surrounding_images/9892/valid/9892_acanthopagrus_palmaris_f000070.jpg
9892_no_fish_2_f000070.jpg,train,../../data/Deepfish/surrounding_images/9892/empty/,../../data/Deepfish/surrounding_images/9892/empty/9892_no_fish_2_f000070.jpg
9892_no_fish_2_f000080.jpg,train,../../data/Deepfish/surrounding_images/9892/empty/,../../data/Deepfish/surrounding_images/9892/empty/9892_no_fish_2_f000080.jpg
9892_no_fish_2_f000090.jpg,train,../../data/Deepfish/surrounding_images/9892/empty/,../../data/Deepfish/surrounding_images/9892/empty/9892_no_fish_2_f000090.jpg
9892_no_fish_2_f000100.jpg,train,../../data/Deepfish/surrounding_images/9892/empty/,../../data/Deepfish/surrounding_images/9892/empty/9892_no_fish_2_f000100.jpg
9892_no_fish_2_f000110.jpg,train,../../data/Deepfish/surrounding_images/9892/empty/,../../data/Deepfish/surrounding_images/9892/empty/9892_no_fish_2_f000110.jpg
9892_no_fish_2_f000120.jpg,train,../../data/Deepfish/surrounding_images/9892/empty/,../../data/Deepfish/surrounding_images/9892/empty/9892_no_fish_2_f000120.jpg
9892_no_fish_2_f000130.jpg,train,../../data/Deepfish/surrounding_images/9892/empty/,../../data/Deepfish/surrounding_images/9892/empty/9892_no_fish_2_f000130.jpg
9892_no_fish_2_f000140.jpg,train,../../data/Deepfish/surrounding_images/9892/empty/,../../data/Deepfish/surrounding_images/9892/empty/9892_no_fish_2_f000140.jpg
9892_no_fish_2_f000150.jpg,train,../../data/Deepfish/surrounding_images/9892/empty/,../../data/Deepfish/surrounding_images/9892/empty/9892_no_fish_2_f000150.jpg
9892_no_fish_2_f000160.jpg,train,../../data/Deepfish/surrounding_images/9892/empty/,../../data/Deepfish/surrounding_images/9892/empty/9892_no_fish_2_f000160.jpg
9892_no_fish_f000000.jpg,train,../../data/Deepfish/surrounding_images/9892/empty/,../../data/Deepfish/surrounding_images/9892/empty/9892_no_fish_f000000.jpg
9892_no_fish_f000010.jpg,train,../../data/Deepfish/surrounding_images/9892/empty/,../../data/Deepfish/surrounding_images/9892/empty/9892_no_fish_f000010.jpg
9892_no_fish_f000020.jpg,train,../../data/Deepfish/surrounding_images/9892/empty/,../../data/Deepfish/surrounding_images/9892/empty/9892_no_fish_f000020.jpg
9892_no_fish_f000030.jpg,train,../../data/Deepfish/surrounding_images/9892/empty/,../../data/Deepfish/surrounding_images/9892/empty/9892_no_fish_f000030.jpg
9892_no_fish_f000180.jpg,train,../../data/Deepfish/surrounding_images/9892/empty/,../../data/Deepfish/surrounding_images/9892/empty/9892_no_fish_f000180.jpg
9892_no_fish_f000190.jpg,train,../../data/Deepfish/surrounding_images/9892/empty/,../../data/Deepfish/surrounding_images/9892/empty/9892_no_fish_f000190.jpg
9894_Amniataba_caudivittatus_f000000.jpg,train,../../data/Deepfish/surrounding_images/9894/valid/,../../data/Deepfish/surrounding_images/9894/valid/9894_Amniataba_caudivittatus_f000000.jpg
9894_Amniataba_caudivittatus_f000010.jpg,train,../../data/Deepfish/surrounding_images/9894/valid/,../../data/Deepfish/surrounding_images/9894/valid/9894_Amniataba_caudivittatus_f000010.jpg
9894_Amniataba_caudivittatus_f000020.jpg,train,../../data/Deepfish/surrounding_images/9894/valid/,../../data/Deepfish/surrounding_images/9894/valid/9894_Amniataba_caudivittatus_f000020.jpg
9894_Amniataba_caudivittatus_f000030.jpg,train,../../data/Deepfish/surrounding_images/9894/valid/,../../data/Deepfish/surrounding_images/9894/valid/9894_Amniataba_caudivittatus_f000030.jpg
9894_gerres_2_f000000.jpg,train,../../data/Deepfish/surrounding_images/9894/valid/,../../data/Deepfish/surrounding_images/9894/valid/9894_gerres_2_f000000.jpg
9894_gerres_2_f000010.jpg,train,../../data/Deepfish/surrounding_images/9894/valid/,../../data/Deepfish/surrounding_images/9894/valid/9894_gerres_2_f000010.jpg
9894_gerres_2_f000040.jpg,train,../../data/Deepfish/surrounding_images/9894/valid/,../../data/Deepfish/surrounding_images/9894/valid/9894_gerres_2_f000040.jpg
9894_gerres_2_f000050.jpg,train,../../data/Deepfish/surrounding_images/9894/valid/,../../data/Deepfish/surrounding_images/9894/valid/9894_gerres_2_f000050.jpg
9894_gerres_f000000.jpg,train,../../data/Deepfish/surrounding_images/9894/valid/,../../data/Deepfish/surrounding_images/9894/valid/9894_gerres_f000000.jpg
9894_gerres_f000010.jpg,train,../../data/Deepfish/surrounding_images/9894/valid/,../../data/Deepfish/surrounding_images/9894/valid/9894_gerres_f000010.jpg
9894_gerres_f000020.jpg,train,../../data/Deepfish/surrounding_images/9894/valid/,../../data/Deepfish/surrounding_images/9894/valid/9894_gerres_f000020.jpg
9894_gerres_f000030.jpg,train,../../data/Deepfish/surrounding_images/9894/valid/,../../data/Deepfish/surrounding_images/9894/valid/9894_gerres_f000030.jpg
9894_lutjanus_johnii_f000000.jpg,train,../../data/Deepfish/surrounding_images/9894/valid/,../../data/Deepfish/surrounding_images/9894/valid/9894_lutjanus_johnii_f000000.jpg
9894_lutjanus_johnii_f000010.jpg,train,../../data/Deepfish/surrounding_images/9894/valid/,../../data/Deepfish/surrounding_images/9894/valid/9894_lutjanus_johnii_f000010.jpg
9894_lutjanus_johnii_f000020.jpg,train,../../data/Deepfish/surrounding_images/9894/valid/,../../data/Deepfish/surrounding_images/9894/valid/9894_lutjanus_johnii_f000020.jpg
9894_no_fish_2_f000000.jpg,train,../../data/Deepfish/surrounding_images/9894/empty/,../../data/Deepfish/surrounding_images/9894/empty/9894_no_fish_2_f000000.jpg
9894_no_fish_2_f000010.jpg,train,../../data/Deepfish/surrounding_images/9894/empty/,../../data/Deepfish/surrounding_images/9894/empty/9894_no_fish_2_f000010.jpg
9894_no_fish_2_f000260.jpg,train,../../data/Deepfish/surrounding_images/9894/empty/,../../data/Deepfish/surrounding_images/9894/empty/9894_no_fish_2_f000260.jpg
9894_no_fish_2_f000270.jpg,train,../../data/Deepfish/surrounding_images/9894/empty/,../../data/Deepfish/surrounding_images/9894/empty/9894_no_fish_2_f000270.jpg
9894_no_fish_2_f000280.jpg,train,../../data/Deepfish/surrounding_images/9894/empty/,../../data/Deepfish/surrounding_images/9894/empty/9894_no_fish_2_f000280.jpg
9894_no_fish_2_f000290.jpg,train,../../data/Deepfish/surrounding_images/9894/empty/,../../data/Deepfish/surrounding_images/9894/empty/9894_no_fish_2_f000290.jpg
9894_no_fish_2_f000300.jpg,train,../../data/Deepfish/surrounding_images/9894/empty/,../../data/Deepfish/surrounding_images/9894/empty/9894_no_fish_2_f000300.jpg
9894_no_fish_2_f000310.jpg,train,../../data/Deepfish/surrounding_images/9894/empty/,../../data/Deepfish/surrounding_images/9894/empty/9894_no_fish_2_f000310.jpg
9894_no_fish_2_f000320.jpg,train,../../data/Deepfish/surrounding_images/9894/empty/,../../data/Deepfish/surrounding_images/9894/empty/9894_no_fish_2_f000320.jpg
9894_no_fish_2_f000330.jpg,train,../../data/Deepfish/surrounding_images/9894/empty/,../../data/Deepfish/surrounding_images/9894/empty/9894_no_fish_2_f000330.jpg
9894_no_fish_2_f000340.jpg,train,../../data/Deepfish/surrounding_images/9894/empty/,../../data/Deepfish/surrounding_images/9894/empty/9894_no_fish_2_f000340.jpg
9894_no_fish_2_f000350.jpg,train,../../data/Deepfish/surrounding_images/9894/empty/,../../data/Deepfish/surrounding_images/9894/empty/9894_no_fish_2_f000350.jpg
9894_no_fish_2_f000360.jpg,train,../../data/Deepfish/surrounding_images/9894/empty/,../../data/Deepfish/surrounding_images/9894/empty/9894_no_fish_2_f000360.jpg
9894_no_fish_2_f000370.jpg,train,../../data/Deepfish/surrounding_images/9894/empty/,../../data/Deepfish/surrounding_images/9894/empty/9894_no_fish_2_f000370.jpg
9894_no_fish_2_f000380.jpg,train,../../data/Deepfish/surrounding_images/9894/empty/,../../data/Deepfish/surrounding_images/9894/empty/9894_no_fish_2_f000380.jpg
9894_no_fish_2_f000390.jpg,train,../../data/Deepfish/surrounding_images/9894/empty/,../../data/Deepfish/surrounding_images/9894/empty/9894_no_fish_2_f000390.jpg
9894_no_fish_f000840.jpg,train,../../data/Deepfish/surrounding_images/9894/empty/,../../data/Deepfish/surrounding_images/9894/empty/9894_no_fish_f000840.jpg
9894_no_fish_f000850.jpg,train,../../data/Deepfish/surrounding_images/9894/empty/,../../data/Deepfish/surrounding_images/9894/empty/9894_no_fish_f000850.jpg
9898_Acanthopagrus_palmaris_f000000.jpg,train,../../data/Deepfish/surrounding_images/9898/valid/,../../data/Deepfish/surrounding_images/9898/valid/9898_Acanthopagrus_palmaris_f000000.jpg
9898_Acanthopagrus_palmaris_f000010.jpg,train,../../data/Deepfish/surrounding_images/9898/valid/,../../data/Deepfish/surrounding_images/9898/valid/9898_Acanthopagrus_palmaris_f000010.jpg
9898_Acanthopagrus_palmaris_f000020.jpg,train,../../data/Deepfish/surrounding_images/9898/valid/,../../data/Deepfish/surrounding_images/9898/valid/9898_Acanthopagrus_palmaris_f000020.jpg
9898_Acanthopagrus_palmaris_f000030.jpg,train,../../data/Deepfish/surrounding_images/9898/valid/,../../data/Deepfish/surrounding_images/9898/valid/9898_Acanthopagrus_palmaris_f000030.jpg
9898_Acanthopagrus_palmaris_f000040.jpg,train,../../data/Deepfish/surrounding_images/9898/valid/,../../data/Deepfish/surrounding_images/9898/valid/9898_Acanthopagrus_palmaris_f000040.jpg
9898_Acanthopagrus_palmaris_f000050.jpg,train,../../data/Deepfish/surrounding_images/9898/valid/,../../data/Deepfish/surrounding_images/9898/valid/9898_Acanthopagrus_palmaris_f000050.jpg
9898_Acanthopagrus_palmaris_f000060.jpg,train,../../data/Deepfish/surrounding_images/9898/valid/,../../data/Deepfish/surrounding_images/9898/valid/9898_Acanthopagrus_palmaris_f000060.jpg
9898_Acanthopagrus_palmaris_f000070.jpg,train,../../data/Deepfish/surrounding_images/9898/valid/,../../data/Deepfish/surrounding_images/9898/valid/9898_Acanthopagrus_palmaris_f000070.jpg
9898_Acanthopagrus_palmaris_f000080.jpg,train,../../data/Deepfish/surrounding_images/9898/valid/,../../data/Deepfish/surrounding_images/9898/valid/9898_Acanthopagrus_palmaris_f000080.jpg
9898_Acanthopagrus_palmaris_f000090.jpg,train,../../data/Deepfish/surrounding_images/9898/valid/,../../data/Deepfish/surrounding_images/9898/valid/9898_Acanthopagrus_palmaris_f000090.jpg
9898_no_fish_f000030.jpg,train,../../data/Deepfish/surrounding_images/9898/empty/,../../data/Deepfish/surrounding_images/9898/empty/9898_no_fish_f000030.jpg
9898_no_fish_f000050.jpg,train,../../data/Deepfish/surrounding_images/9898/empty/,../../data/Deepfish/surrounding_images/9898/empty/9898_no_fish_f000050.jpg
9898_no_fish_f000060.jpg,train,../../data/Deepfish/surrounding_images/9898/empty/,../../data/Deepfish/surrounding_images/9898/empty/9898_no_fish_f000060.jpg
9898_no_fish_f000070.jpg,train,../../data/Deepfish/surrounding_images/9898/empty/,../../data/Deepfish/surrounding_images/9898/empty/9898_no_fish_f000070.jpg
9898_no_fish_f000080.jpg,train,../../data/Deepfish/surrounding_images/9898/empty/,../../data/Deepfish/surrounding_images/9898/empty/9898_no_fish_f000080.jpg
9898_no_fish_f000090.jpg,train,../../data/Deepfish/surrounding_images/9898/empty/,../../data/Deepfish/surrounding_images/9898/empty/9898_no_fish_f000090.jpg
9898_no_fish_f000100.jpg,train,../../data/Deepfish/surrounding_images/9898/empty/,../../data/Deepfish/surrounding_images/9898/empty/9898_no_fish_f000100.jpg
9898_no_fish_f000110.jpg,train,../../data/Deepfish/surrounding_images/9898/empty/,../../data/Deepfish/surrounding_images/9898/empty/9898_no_fish_f000110.jpg
9898_no_fish_f000120.jpg,train,../../data/Deepfish/surrounding_images/9898/empty/,../../data/Deepfish/surrounding_images/9898/empty/9898_no_fish_f000120.jpg
9898_no_fish_f000130.jpg,train,../../data/Deepfish/surrounding_images/9898/empty/,../../data/Deepfish/surrounding_images/9898/empty/9898_no_fish_f000130.jpg
9898_no_fish_f000140.jpg,train,../../data/Deepfish/surrounding_images/9898/empty/,../../data/Deepfish/surrounding_images/9898/empty/9898_no_fish_f000140.jpg
9898_no_fish_f000150.jpg,train,../../data/Deepfish/surrounding_images/9898/empty/,../../data/Deepfish/surrounding_images/9898/empty/9898_no_fish_f000150.jpg
9898_no_fish_f000160.jpg,train,../../data/Deepfish/surrounding_images/9898/empty/,../../data/Deepfish/surrounding_images/9898/empty/9898_no_fish_f000160.jpg
9898_no_fish_f000170.jpg,train,../../data/Deepfish/surrounding_images/9898/empty/,../../data/Deepfish/surrounding_images/9898/empty/9898_no_fish_f000170.jpg
9898_no_fish_f000180.jpg,train,../../data/Deepfish/surrounding_images/9898/empty/,../../data/Deepfish/surrounding_images/9898/empty/9898_no_fish_f000180.jpg
9898_no_fish_f000190.jpg,train,../../data/Deepfish/surrounding_images/9898/empty/,../../data/Deepfish/surrounding_images/9898/empty/9898_no_fish_f000190.jpg
9898_no_fish_f000200.jpg,train,../../data/Deepfish/surrounding_images/9898/empty/,../../data/Deepfish/surrounding_images/9898/empty/9898_no_fish_f000200.jpg
9898_no_fish_f000440.jpg,train,../../data/Deepfish/surrounding_images/9898/empty/,../../data/Deepfish/surrounding_images/9898/empty/9898_no_fish_f000440.jpg
9907_no_fish_2_f000000.jpg,train,../../data/Deepfish/surrounding_images/9907/empty/,../../data/Deepfish/surrounding_images/9907/empty/9907_no_fish_2_f000000.jpg
9907_no_fish_2_f000010.jpg,train,../../data/Deepfish/surrounding_images/9907/empty/,../../data/Deepfish/surrounding_images/9907/empty/9907_no_fish_2_f000010.jpg
9907_no_fish_2_f000140.jpg,train,../../data/Deepfish/surrounding_images/9907/empty/,../../data/Deepfish/surrounding_images/9907/empty/9907_no_fish_2_f000140.jpg
9907_no_fish_2_f000250.jpg,train,../../data/Deepfish/surrounding_images/9907/empty/,../../data/Deepfish/surrounding_images/9907/empty/9907_no_fish_2_f000250.jpg
9907_no_fish_2_f000260.jpg,train,../../data/Deepfish/surrounding_images/9907/empty/,../../data/Deepfish/surrounding_images/9907/empty/9907_no_fish_2_f000260.jpg
9907_no_fish_2_f000270.jpg,train,../../data/Deepfish/surrounding_images/9907/empty/,../../data/Deepfish/surrounding_images/9907/empty/9907_no_fish_2_f000270.jpg
9907_no_fish_2_f000280.jpg,train,../../data/Deepfish/surrounding_images/9907/empty/,../../data/Deepfish/surrounding_images/9907/empty/9907_no_fish_2_f000280.jpg
9907_no_fish_2_f000290.jpg,train,../../data/Deepfish/surrounding_images/9907/empty/,../../data/Deepfish/surrounding_images/9907/empty/9907_no_fish_2_f000290.jpg
9907_no_fish_2_f000300.jpg,train,../../data/Deepfish/surrounding_images/9907/empty/,../../data/Deepfish/surrounding_images/9907/empty/9907_no_fish_2_f000300.jpg
9907_no_fish_2_f000310.jpg,train,../../data/Deepfish/surrounding_images/9907/empty/,../../data/Deepfish/surrounding_images/9907/empty/9907_no_fish_2_f000310.jpg
9907_no_fish_2_f000320.jpg,train,../../data/Deepfish/surrounding_images/9907/empty/,../../data/Deepfish/surrounding_images/9907/empty/9907_no_fish_2_f000320.jpg
9907_no_fish_2_f000330.jpg,train,../../data/Deepfish/surrounding_images/9907/empty/,../../data/Deepfish/surrounding_images/9907/empty/9907_no_fish_2_f000330.jpg
9907_no_fish_2_f000340.jpg,train,../../data/Deepfish/surrounding_images/9907/empty/,../../data/Deepfish/surrounding_images/9907/empty/9907_no_fish_2_f000340.jpg
9907_no_fish_2_f000350.jpg,train,../../data/Deepfish/surrounding_images/9907/empty/,../../data/Deepfish/surrounding_images/9907/empty/9907_no_fish_2_f000350.jpg
9907_no_fish_2_f000360.jpg,train,../../data/Deepfish/surrounding_images/9907/empty/,../../data/Deepfish/surrounding_images/9907/empty/9907_no_fish_2_f000360.jpg
9907_no_fish_2_f000370.jpg,train,../../data/Deepfish/surrounding_images/9907/empty/,../../data/Deepfish/surrounding_images/9907/empty/9907_no_fish_2_f000370.jpg
9907_no_fish_2_f000380.jpg,train,../../data/Deepfish/surrounding_images/9907/empty/,../../data/Deepfish/surrounding_images/9907/empty/9907_no_fish_2_f000380.jpg
9907_no_fish_f000710.jpg,train,../../data/Deepfish/surrounding_images/9907/empty/,../../data/Deepfish/surrounding_images/9907/empty/9907_no_fish_f000710.jpg
9907_no_fish_f000720.jpg,train,../../data/Deepfish/surrounding_images/9907/empty/,../../data/Deepfish/surrounding_images/9907/empty/9907_no_fish_f000720.jpg
9908_Acanthopagrus_palmaris_f000010.jpg,train,../../data/Deepfish/surrounding_images/9908/valid/,../../data/Deepfish/surrounding_images/9908/valid/9908_Acanthopagrus_palmaris_f000010.jpg
9908_Acanthopagrus_palmaris_f000020.jpg,train,../../data/Deepfish/surrounding_images/9908/valid/,../../data/Deepfish/surrounding_images/9908/valid/9908_Acanthopagrus_palmaris_f000020.jpg
9908_Acanthopagrus_palmaris_f000030.jpg,train,../../data/Deepfish/surrounding_images/9908/valid/,../../data/Deepfish/surrounding_images/9908/valid/9908_Acanthopagrus_palmaris_f000030.jpg
9908_Acanthopagrus_palmaris_f000040.jpg,train,../../data/Deepfish/surrounding_images/9908/valid/,../../data/Deepfish/surrounding_images/9908/valid/9908_Acanthopagrus_palmaris_f000040.jpg
9908_Acanthopagrus_palmaris_f000050.jpg,train,../../data/Deepfish/surrounding_images/9908/valid/,../../data/Deepfish/surrounding_images/9908/valid/9908_Acanthopagrus_palmaris_f000050.jpg
9908_Acanthopagrus_palmaris_f000060.jpg,train,../../data/Deepfish/surrounding_images/9908/valid/,../../data/Deepfish/surrounding_images/9908/valid/9908_Acanthopagrus_palmaris_f000060.jpg
9908_Acanthopagrus_palmaris_f000070.jpg,train,../../data/Deepfish/surrounding_images/9908/valid/,../../data/Deepfish/surrounding_images/9908/valid/9908_Acanthopagrus_palmaris_f000070.jpg
9908_no_fish_f000000.jpg,train,../../data/Deepfish/surrounding_images/9908/empty/,../../data/Deepfish/surrounding_images/9908/empty/9908_no_fish_f000000.jpg
9908_no_fish_2_f000000.jpg,train,../../data/Deepfish/surrounding_images/9908/empty/,../../data/Deepfish/surrounding_images/9908/empty/9908_no_fish_2_f000000.jpg
9908_no_fish_2_f000010.jpg,train,../../data/Deepfish/surrounding_images/9908/empty/,../../data/Deepfish/surrounding_images/9908/empty/9908_no_fish_2_f000010.jpg
9908_no_fish_2_f000020.jpg,train,../../data/Deepfish/surrounding_images/9908/empty/,../../data/Deepfish/surrounding_images/9908/empty/9908_no_fish_2_f000020.jpg
9908_no_fish_2_f000260.jpg,train,../../data/Deepfish/surrounding_images/9908/empty/,../../data/Deepfish/surrounding_images/9908/empty/9908_no_fish_2_f000260.jpg
9908_no_fish_2_f000270.jpg,train,../../data/Deepfish/surrounding_images/9908/empty/,../../data/Deepfish/surrounding_images/9908/empty/9908_no_fish_2_f000270.jpg
9908_no_fish_2_f000280.jpg,train,../../data/Deepfish/surrounding_images/9908/empty/,../../data/Deepfish/surrounding_images/9908/empty/9908_no_fish_2_f000280.jpg
9908_no_fish_2_f000290.jpg,train,../../data/Deepfish/surrounding_images/9908/empty/,../../data/Deepfish/surrounding_images/9908/empty/9908_no_fish_2_f000290.jpg
9908_no_fish_2_f000300.jpg,train,../../data/Deepfish/surrounding_images/9908/empty/,../../data/Deepfish/surrounding_images/9908/empty/9908_no_fish_2_f000300.jpg
9908_no_fish_2_f000310.jpg,train,../../data/Deepfish/surrounding_images/9908/empty/,../../data/Deepfish/surrounding_images/9908/empty/9908_no_fish_2_f000310.jpg
9908_no_fish_f000010.jpg,train,../../data/Deepfish/surrounding_images/9908/empty/,../../data/Deepfish/surrounding_images/9908/empty/9908_no_fish_f000010.jpg
9908_no_fish_f000020.jpg,train,../../data/Deepfish/surrounding_images/9908/empty/,../../data/Deepfish/surrounding_images/9908/empty/9908_no_fish_f000020.jpg
9908_no_fish_f000030.jpg,train,../../data/Deepfish/surrounding_images/9908/empty/,../../data/Deepfish/surrounding_images/9908/empty/9908_no_fish_f000030.jpg
9908_no_fish_f000040.jpg,train,../../data/Deepfish/surrounding_images/9908/empty/,../../data/Deepfish/surrounding_images/9908/empty/9908_no_fish_f000040.jpg
9908_no_fish_f000050.jpg,train,../../data/Deepfish/surrounding_images/9908/empty/,../../data/Deepfish/surrounding_images/9908/empty/9908_no_fish_f000050.jpg
9908_no_fish_f000060.jpg,train,../../data/Deepfish/surrounding_images/9908/empty/,../../data/Deepfish/surrounding_images/9908/empty/9908_no_fish_f000060.jpg
9908_no_fish_f000070.jpg,train,../../data/Deepfish/surrounding_images/9908/empty/,../../data/Deepfish/surrounding_images/9908/empty/9908_no_fish_f000070.jpg
9908_no_fish_f000250.jpg,train,../../data/Deepfish/surrounding_images/9908/empty/,../../data/Deepfish/surrounding_images/9908/empty/9908_no_fish_f000250.jpg
7117_Lutjanus_a_testclip_far_away_short_f000080.jpg,valid,../../data/Deepfish/surrounding_images/7117/valid/,../../data/Deepfish/surrounding_images/7117/valid/7117_Lutjanus_a_testclip_far_away_short_f000080.jpg
7117_Lutjanus_a_testclip_far_away_short_f000090.jpg,valid,../../data/Deepfish/surrounding_images/7117/valid/,../../data/Deepfish/surrounding_images/7117/valid/7117_Lutjanus_a_testclip_far_away_short_f000090.jpg
7117_Lutjanus_a_testclip_far_away_short_f000100.jpg,valid,../../data/Deepfish/surrounding_images/7117/valid/,../../data/Deepfish/surrounding_images/7117/valid/7117_Lutjanus_a_testclip_far_away_short_f000100.jpg
7117_Lutjanus_a_testclip_far_away_short_f000180.jpg,valid,../../data/Deepfish/surrounding_images/7117/valid/,../../data/Deepfish/surrounding_images/7117/valid/7117_Lutjanus_a_testclip_far_away_short_f000180.jpg
7398_F2_f000000.jpg,valid,../../data/Deepfish/surrounding_images/7398/valid/,../../data/Deepfish/surrounding_images/7398/valid/7398_F2_f000000.jpg
7398_F2_f000010.jpg,valid,../../data/Deepfish/surrounding_images/7398/valid/,../../data/Deepfish/surrounding_images/7398/valid/7398_F2_f000010.jpg
7398_F2_f000020.jpg,valid,../../data/Deepfish/surrounding_images/7398/valid/,../../data/Deepfish/surrounding_images/7398/valid/7398_F2_f000020.jpg
7398_F2_f000030.jpg,valid,../../data/Deepfish/surrounding_images/7398/valid/,../../data/Deepfish/surrounding_images/7398/valid/7398_F2_f000030.jpg
7398_F2_f000050.jpg,valid,../../data/Deepfish/surrounding_images/7398/valid/,../../data/Deepfish/surrounding_images/7398/valid/7398_F2_f000050.jpg
7426_NF2_f000140.jpg,valid,../../data/Deepfish/surrounding_images/7426/empty/,../../data/Deepfish/surrounding_images/7426/empty/7426_NF2_f000140.jpg
7426_NF2_f000150.jpg,valid,../../data/Deepfish/surrounding_images/7426/empty/,../../data/Deepfish/surrounding_images/7426/empty/7426_NF2_f000150.jpg
7426_NF2_f000160.jpg,valid,../../data/Deepfish/surrounding_images/7426/empty/,../../data/Deepfish/surrounding_images/7426/empty/7426_NF2_f000160.jpg
7426_NF2_f000170.jpg,valid,../../data/Deepfish/surrounding_images/7426/empty/,../../data/Deepfish/surrounding_images/7426/empty/7426_NF2_f000170.jpg
7426_NF2_f000180.jpg,valid,../../data/Deepfish/surrounding_images/7426/empty/,../../data/Deepfish/surrounding_images/7426/empty/7426_NF2_f000180.jpg
7426_NF2_f000190.jpg,valid,../../data/Deepfish/surrounding_images/7426/empty/,../../data/Deepfish/surrounding_images/7426/empty/7426_NF2_f000190.jpg
7426_NF2_f000350.jpg,valid,../../data/Deepfish/surrounding_images/7426/empty/,../../data/Deepfish/surrounding_images/7426/empty/7426_NF2_f000350.jpg
7426_NF2_f000420.jpg,valid,../../data/Deepfish/surrounding_images/7426/empty/,../../data/Deepfish/surrounding_images/7426/empty/7426_NF2_f000420.jpg
7434_NF3_f000230.jpg,valid,../../data/Deepfish/surrounding_images/7434/empty/,../../data/Deepfish/surrounding_images/7434/empty/7434_NF3_f000230.jpg
7434_NF3_f000240.jpg,valid,../../data/Deepfish/surrounding_images/7434/empty/,../../data/Deepfish/surrounding_images/7434/empty/7434_NF3_f000240.jpg
7434_NF3_f000250.jpg,valid,../../data/Deepfish/surrounding_images/7434/empty/,../../data/Deepfish/surrounding_images/7434/empty/7434_NF3_f000250.jpg
7434_NF3_f000260.jpg,valid,../../data/Deepfish/surrounding_images/7434/empty/,../../data/Deepfish/surrounding_images/7434/empty/7434_NF3_f000260.jpg
7434_NF3_f000270.jpg,valid,../../data/Deepfish/surrounding_images/7434/empty/,../../data/Deepfish/surrounding_images/7434/empty/7434_NF3_f000270.jpg
7434_NF3_f000280.jpg,valid,../../data/Deepfish/surrounding_images/7434/empty/,../../data/Deepfish/surrounding_images/7434/empty/7434_NF3_f000280.jpg
7434_NF3_f000310.jpg,valid,../../data/Deepfish/surrounding_images/7434/empty/,../../data/Deepfish/surrounding_images/7434/empty/7434_NF3_f000310.jpg
7434_NF4_f000010.jpg,valid,../../data/Deepfish/surrounding_images/7434/empty/,../../data/Deepfish/surrounding_images/7434/empty/7434_NF4_f000010.jpg
7434_NF4_f000080.jpg,valid,../../data/Deepfish/surrounding_images/7434/empty/,../../data/Deepfish/surrounding_images/7434/empty/7434_NF4_f000080.jpg
7463_NF1_f000090.jpg,valid,../../data/Deepfish/surrounding_images/7463/empty/,../../data/Deepfish/surrounding_images/7463/empty/7463_NF1_f000090.jpg
7463_NF1_f000100.jpg,valid,../../data/Deepfish/surrounding_images/7463/empty/,../../data/Deepfish/surrounding_images/7463/empty/7463_NF1_f000100.jpg
7463_NF1_f000110.jpg,valid,../../data/Deepfish/surrounding_images/7463/empty/,../../data/Deepfish/surrounding_images/7463/empty/7463_NF1_f000110.jpg
7463_NF1_f000120.jpg,valid,../../data/Deepfish/surrounding_images/7463/empty/,../../data/Deepfish/surrounding_images/7463/empty/7463_NF1_f000120.jpg
7463_NF1_f000130.jpg,valid,../../data/Deepfish/surrounding_images/7463/empty/,../../data/Deepfish/surrounding_images/7463/empty/7463_NF1_f000130.jpg
7463_NF1_f000140.jpg,valid,../../data/Deepfish/surrounding_images/7463/empty/,../../data/Deepfish/surrounding_images/7463/empty/7463_NF1_f000140.jpg
7463_NF3_f000450.jpg,valid,../../data/Deepfish/surrounding_images/7463/empty/,../../data/Deepfish/surrounding_images/7463/empty/7463_NF3_f000450.jpg
7463_NF4_f000040.jpg,valid,../../data/Deepfish/surrounding_images/7463/empty/,../../data/Deepfish/surrounding_images/7463/empty/7463_NF4_f000040.jpg
7482_F3_f000130.jpg,valid,../../data/Deepfish/surrounding_images/7482/valid/,../../data/Deepfish/surrounding_images/7482/valid/7482_F3_f000130.jpg
7482_F3_f000140.jpg,valid,../../data/Deepfish/surrounding_images/7482/valid/,../../data/Deepfish/surrounding_images/7482/valid/7482_F3_f000140.jpg
7482_F3_f000150.jpg,valid,../../data/Deepfish/surrounding_images/7482/valid/,../../data/Deepfish/surrounding_images/7482/valid/7482_F3_f000150.jpg
7482_F3_f000160.jpg,valid,../../data/Deepfish/surrounding_images/7482/valid/,../../data/Deepfish/surrounding_images/7482/valid/7482_F3_f000160.jpg
7482_F3_f000170.jpg,valid,../../data/Deepfish/surrounding_images/7482/valid/,../../data/Deepfish/surrounding_images/7482/valid/7482_F3_f000170.jpg
7482_F3_f000180.jpg,valid,../../data/Deepfish/surrounding_images/7482/valid/,../../data/Deepfish/surrounding_images/7482/valid/7482_F3_f000180.jpg
7482_F3_f000190.jpg,valid,../../data/Deepfish/surrounding_images/7482/valid/,../../data/Deepfish/surrounding_images/7482/valid/7482_F3_f000190.jpg
7482_F3_f000200.jpg,valid,../../data/Deepfish/surrounding_images/7482/valid/,../../data/Deepfish/surrounding_images/7482/valid/7482_F3_f000200.jpg
7490_NF3_f000050.jpg,valid,../../data/Deepfish/surrounding_images/7490/empty/,../../data/Deepfish/surrounding_images/7490/empty/7490_NF3_f000050.jpg
7490_NF3_f000070.jpg,valid,../../data/Deepfish/surrounding_images/7490/empty/,../../data/Deepfish/surrounding_images/7490/empty/7490_NF3_f000070.jpg
7490_NF3_f000080.jpg,valid,../../data/Deepfish/surrounding_images/7490/empty/,../../data/Deepfish/surrounding_images/7490/empty/7490_NF3_f000080.jpg
7490_NF3_f000090.jpg,valid,../../data/Deepfish/surrounding_images/7490/empty/,../../data/Deepfish/surrounding_images/7490/empty/7490_NF3_f000090.jpg
7490_NF3_f000100.jpg,valid,../../data/Deepfish/surrounding_images/7490/empty/,../../data/Deepfish/surrounding_images/7490/empty/7490_NF3_f000100.jpg
7490_NF3_f000110.jpg,valid,../../data/Deepfish/surrounding_images/7490/empty/,../../data/Deepfish/surrounding_images/7490/empty/7490_NF3_f000110.jpg
7490_NF3_f000120.jpg,valid,../../data/Deepfish/surrounding_images/7490/empty/,../../data/Deepfish/surrounding_images/7490/empty/7490_NF3_f000120.jpg
7490_NF3_f000220.jpg,valid,../../data/Deepfish/surrounding_images/7490/empty/,../../data/Deepfish/surrounding_images/7490/empty/7490_NF3_f000220.jpg
7490_NF3_f000230.jpg,valid,../../data/Deepfish/surrounding_images/7490/empty/,../../data/Deepfish/surrounding_images/7490/empty/7490_NF3_f000230.jpg
7585_F4_f000000.jpg,valid,../../data/Deepfish/surrounding_images/7585/valid/,../../data/Deepfish/surrounding_images/7585/valid/7585_F4_f000000.jpg
7585_F4_f000010.jpg,valid,../../data/Deepfish/surrounding_images/7585/valid/,../../data/Deepfish/surrounding_images/7585/valid/7585_F4_f000010.jpg
7585_F4_f000020.jpg,valid,../../data/Deepfish/surrounding_images/7585/valid/,../../data/Deepfish/surrounding_images/7585/valid/7585_F4_f000020.jpg
7585_F4_f000030.jpg,valid,../../data/Deepfish/surrounding_images/7585/valid/,../../data/Deepfish/surrounding_images/7585/valid/7585_F4_f000030.jpg
7585_F4_f000040.jpg,valid,../../data/Deepfish/surrounding_images/7585/valid/,../../data/Deepfish/surrounding_images/7585/valid/7585_F4_f000040.jpg
7585_F4_f000050.jpg,valid,../../data/Deepfish/surrounding_images/7585/valid/,../../data/Deepfish/surrounding_images/7585/valid/7585_F4_f000050.jpg
9892_Acanthopagrus_palmaris_2_f000000.jpg,valid,../../data/Deepfish/surrounding_images/9892/valid/,../../data/Deepfish/surrounding_images/9892/valid/9892_Acanthopagrus_palmaris_2_f000000.jpg
9892_Acanthopagrus_palmaris_2_f000010.jpg,valid,../../data/Deepfish/surrounding_images/9892/valid/,../../data/Deepfish/surrounding_images/9892/valid/9892_Acanthopagrus_palmaris_2_f000010.jpg
9892_Acanthopagrus_palmaris_2_f000020.jpg,valid,../../data/Deepfish/surrounding_images/9892/valid/,../../data/Deepfish/surrounding_images/9892/valid/9892_Acanthopagrus_palmaris_2_f000020.jpg
9892_Acanthopagrus_palmaris_2_f000030.jpg,valid,../../data/Deepfish/surrounding_images/9892/valid/,../../data/Deepfish/surrounding_images/9892/valid/9892_Acanthopagrus_palmaris_2_f000030.jpg
9892_Acanthopagrus_palmaris_2_f000040.jpg,valid,../../data/Deepfish/surrounding_images/9892/valid/,../../data/Deepfish/surrounding_images/9892/valid/9892_Acanthopagrus_palmaris_2_f000040.jpg
9908_Epinephelus_f000130.jpg,valid,../../data/Deepfish/surrounding_images/9908/valid/,../../data/Deepfish/surrounding_images/9908/valid/9908_Epinephelus_f000130.jpg
9908_Epinephelus_f000140.jpg,valid,../../data/Deepfish/surrounding_images/9908/valid/,../../data/Deepfish/surrounding_images/9908/valid/9908_Epinephelus_f000140.jpg
9908_Epinephelus_f000150.jpg,valid,../../data/Deepfish/surrounding_images/9908/valid/,../../data/Deepfish/surrounding_images/9908/valid/9908_Epinephelus_f000150.jpg
9908_Epinephelus_f000160.jpg,valid,../../data/Deepfish/surrounding_images/9908/valid/,../../data/Deepfish/surrounding_images/9908/valid/9908_Epinephelus_f000160.jpg
9908_Epinephelus_f000170.jpg,valid,../../data/Deepfish/surrounding_images/9908/valid/,../../data/Deepfish/surrounding_images/9908/valid/9908_Epinephelus_f000170.jpg
9908_Epinephelus_f000180.jpg,valid,../../data/Deepfish/surrounding_images/9908/valid/,../../data/Deepfish/surrounding_images/9908/valid/9908_Epinephelus_f000180.jpg
